식품인증업소 관리 일련번호,업소번호,업소 명,자치구 코드,자치구 명,업종 코드,업종 명,업태 코드,업태 명,업주 명,식품인증구분,식품인증 구분명,인증일자,사용여부,지도표시여부,식품인증업소 등급,지도 Y좌표,지도 X좌표,전화번호,도로명상세주소,도로명주소코드,도로명주소,허가번호,최초작성일자,최종수정일자,업소인증메뉴,교부번호,인증여부
18512,,코스모스 상점,3030000,성동구,104,휴게음식점,10401,과자점,,14,채식음식점,2024-11-15,Y,Y,,37.5415634,127.053431,0507-1402-7878,,,"서울특별시 성동구 서울특별시 성동구 성수이로7길 27, 서울숲코오롱디지탈타워 1층",0,00:00.0,00:00.0,,,Y
18519,,앞으로의빵집,3000000,종로구,104,휴게음식점,10401,과자점,,14,채식음식점,2024-11-15,Y,Y,,37.574693,126.989349,,,,서울특별시 종로구 서울특별시 종로구 삼일대로32가길 29-1 ,0,00:00.0,00:00.0,,,Y
18584,,애쉬빌 베이커리 휴게음식점,3000000,종로구,104,휴게음식점,10401,과자점,,14,채식음식점,2024-11-15,Y,Y,,37.5790271,126.984678,070-8839-9999,,,서울특별시 종로구 서울 종로구 북촌로5길 5-5 유니온빌딩 지하1층,0,00:00.0,00:00.0,,,Y
18509,,마루 자연식 김밥,3000000,종로구,101,일반음식점,10101,한식,,14,채식음식점,2024-11-15,Y,Y,,37.573,126.984864,0507-1324-2565,,,서울특별시 종로구 서울특별시 종로구 인사동길 35-4 105호 ,0,00:00.0,00:00.0,,,Y
18514,,한과채,3000000,종로구,101,일반음식점,10101,한식,,14,채식음식점,2024-11-15,Y,Y,,37.5743438,126.985715,02-720-2802,,,서울특별시 종로구 서울특별시 종로구 인사동10길 13 ,0,00:00.0,00:00.0,,,Y
18517,,소이로움,3000000,종로구,101,일반음식점,10101,한식,,14,채식음식점,2024-11-15,Y,Y,,37.5796836,126.968599,02-586-8088,,,서울특별시 종로구 서울특별시 종로구 필운대로 41 ,0,00:00.0,00:00.0,,,Y
18521,,마지,3000000,종로구,101,일반음식점,10101,한식,,14,채식음식점,2024-11-15,Y,Y,,37.5776283,126.970809,0507-1418-5228,,,서울특별시 종로구 서울특별시 종로구 자하문로5길 19 ,0,00:00.0,00:00.0,,,Y
18522,,오세계향,3000000,종로구,101,일반음식점,10101,한식,,14,채식음식점,2024-11-15,Y,Y,,37.574684,126.985259,02-735-7171,,,서울특별시 종로구 서울특별시 종로구 인사동12길 14-5 ,0,00:00.0,00:00.0,,,Y
18523,,큔,3000000,종로구,101,일반음식점,10101,한식,,14,채식음식점,2024-11-15,Y,Y,,37.5846976,126.972269,0507-1366-0591,,,"서울특별시 종로구 서울특별시 종로구 자하문로26길 17-2, 1층 ",0,00:00.0,00:00.0,,,Y
18524,,산촌,3000000,종로구,101,일반음식점,10101,한식,,14,채식음식점,2024-11-15,Y,Y,,37.573797,126.98626,02-735-0312,,,서울특별시 종로구 서울특별시 종로구 인사동길 30-13 ,0,00:00.0,00:00.0,,,Y
18577,,에티컬테이블,3000000,종로구,101,일반음식점,10101,한식,,14,채식음식점,2024-11-15,Y,Y,,37.572008,126.993432,0507-1352-7625,,,서울특별시 종로구 서울 종로구 서순라길 27-5 영보빌딩 1층,0,00:00.0,00:00.0,,,Y
18496,,발우공양,3000000,종로구,101,일반음식점,10101,한식,,14,채식음식점,2024-11-15,Y,Y,,37.5738677,126.983184,02-733-2081,,,"서울특별시 종로구 서울특별시 종로구 우정국로 56, 템플스테이 통합정보센터 5층 ",0,00:00.0,00:00.0,,,Y
18520,,오베흐트,3010000,중구,104,휴게음식점,10401,과자점,,14,채식음식점,2024-11-15,Y,Y,,37.5581158,126.981085,0507-1411-6404,,,서울특별시 중구 서울특별시 중구 퇴계로10길 34 ,0,00:00.0,00:00.0,,,Y
18504,,히든젬,3010000,중구,104,휴게음식점,10401,과자점,,14,채식음식점,2024-11-15,Y,Y,,37.5584363,126.984564,0507-1369-8022,,,서울특별시 중구 서울 중구 소공로6길 28 1층,0,00:00.0,00:00.0,,,Y
18503,,코코너즘,3010000,중구,104,휴게음식점,10401,과자점,,14,채식음식점,2024-11-15,Y,Y,,37.560349,126.995061,070-8805-9756,,,서울특별시 중구 서울 중구 퇴계로36길 32 코코너즘,0,00:00.0,00:00.0,,,Y
18561,,그라운드125,3010000,중구,104,휴게음식점,10401,과자점,,14,채식음식점,2024-11-15,Y,Y,,37.5561017,127.010308,0507-1485-1269,,,서울특별시 중구 서울 중구 동호로14길 7 비에스빌딩 2층,0,00:00.0,00:00.0,,,Y
18560,,넬보스코 남촌빵집,3010000,중구,104,휴게음식점,10401,과자점,,14,채식음식점,2024-11-15,Y,Y,,37.558697,126.979681,0507-1423-9401,,,서울특별시 중구 서울 중구 퇴계로8길 16 1층,0,00:00.0,00:00.0,,,Y
18506,,온더무브,3010000,중구,101,일반음식점,10101,한식,,14,채식음식점,2024-11-15,Y,Y,,37.5671132,126.997689,,,,"서울특별시 중구 서울 중구 창경궁로5길 5 을지공간 건물 3, 5층",0,00:00.0,00:00.0,,,Y
18510,,지금 여기가 맨 앞,3010000,중구,101,일반음식점,10101,한식,,14,채식음식점,2024-11-15,Y,Y,,37.565694,126.995242,0507-1346-3759,,,서울특별시 중구 서울 중구 을지로20길 16 3층,0,00:00.0,00:00.0,,,Y
18562,,에이투지휴게음식점,3010000,중구,101,일반음식점,10101,한식,,14,채식음식점,2024-11-15,Y,Y,,37.5684143,126.978283,0507-1427-5129,,,서울특별시 중구 서울 중구 세종대로 136 SFC몰 F&B 지하2층 220호,0,00:00.0,00:00.0,,,Y
18553,,죠티인도레스토랑,3010000,중구,101,일반음식점,10101,한식,,14,채식음식점,2024-11-15,Y,Y,,37.5613157,126.997938,0507-1400-7305,,,서울특별시 중구 서울 중구 서애로 12-4 고려빌딩,0,00:00.0,00:00.0,,,Y
18554,,목멱산방,3010000,중구,101,일반음식점,10101,한식,,14,채식음식점,2024-11-15,Y,Y,,37.5581131,126.986887,02-318-4790,,,서울특별시 중구 서울 중구 퇴계로20길 71 1층 목멱산방,0,00:00.0,00:00.0,,,Y
18559,,브레라,3010000,중구,101,일반음식점,10101,한식,,14,채식음식점,2024-11-15,Y,Y,,37.5483844,127.006943,02-2236-0770,,,서울특별시 중구 서울 중구 동호로17길 295 대명빌딩2층,0,00:00.0,00:00.0,,,Y
18558,,적수방,3010000,중구,101,일반음식점,10101,한식,,14,채식음식점,2024-11-15,Y,Y,,37.559716,127.004871,,,,서울특별시 중구 서울 중구 동호로24길 7-6 지하1층,0,00:00.0,00:00.0,,,Y
18557,,비건키친,3010000,중구,101,일반음식점,10101,한식,,14,채식음식점,2024-11-15,Y,Y,,37.5592634,126.985975,02-777-8819,,,서울특별시 중구 서울 중구 퇴계로20길 21 1층,0,00:00.0,00:00.0,,,Y
18550,,고사리 익스프레스,3010000,중구,101,일반음식점,10101,한식,,14,채식음식점,2024-11-15,Y,Y,,37.56627,127.020009,02-2039-3140,,,서울특별시 중구 서울 중구 퇴계로85길 12-10 1층,0,00:00.0,00:00.0,,,Y
18569,,구르카 인도레스토랑,3010000,중구,101,일반음식점,10101,한식,,14,채식음식점,2024-11-15,Y,Y,,37.563068,126.985185,02-775-8860,,,서울특별시 중구 서울 중구 명동10길 16-1 지상 5층 구르카,0,00:00.0,00:00.0,,,Y
18567,,빠르크 정동점,3010000,중구,101,일반음식점,10101,한식,,14,채식음식점,2024-11-15,Y,Y,,37.5632542,126.97203,0507-1326-2022,,,서울특별시 중구 서울 중구 서소문로 89-20 1동 1층 105호,0,00:00.0,00:00.0,,,Y
18566,,페이퍼파스타by을지로그랑블루,3010000,중구,101,일반음식점,10101,한식,,14,채식음식점,2024-11-15,Y,Y,,37.5638685,126.993797,0507-1485-1091,,,서울특별시 중구 서울 중구 마른내로4길 10 . 1층,0,00:00.0,00:00.0,,,Y
18564,,강가,3010000,중구,101,일반음식점,10101,한식,,14,채식음식점,2024-11-15,Y,Y,,37.5684143,126.978283,02-3783-0610,,,서울특별시 중구 서울 중구 세종대로 136 서울파이낸스센터,0,00:00.0,00:00.0,,,Y
18563,,아그라 센터원점,3010000,중구,101,일반음식점,10101,한식,,14,채식음식점,2024-11-15,Y,Y,,37.567343,126.985144,0507-1327-8977,,,서울특별시 중구 서울 중구 을지로5길 26 미래에셋빌딩 지하2층,0,00:00.0,00:00.0,,,Y
18571,,홍밀밀,3010000,중구,101,일반음식점,10101,한식,,14,채식음식점,2024-11-15,Y,Y,,37.5632795,126.987307,070-4158-9811,,,서울특별시 중구 서울 중구 명동길 74 명동성당 가톨릭회관 신관 B-105호,0,00:00.0,00:00.0,,,Y
18499,,어쩌다농부 충무로점,3010000,중구,101,일반음식점,10101,한식,,14,채식음식점,2024-11-15,Y,Y,,37.5626254,126.991243,0507-1363-3738,,,서울특별시 중구 서울 중구 퇴계로27길 33 1층,0,00:00.0,00:00.0,,,Y
18498,,굿니스클럽,3020000,용산구,104,휴게음식점,10401,과자점,,14,채식음식점,2024-11-15,Y,Y,,37.5449842,126.984936,0507-1364-5084,,,서울특별시 용산구 서울 용산구 신흥로 99-9 지층,0,00:00.0,00:00.0,,,Y
18574,,홀트,3020000,용산구,104,휴게음식점,10401,과자점,,14,채식음식점,2024-11-15,Y,Y,,37.53818,126.964843,0507-1487-3319,,,서울특별시 용산구 서울 용산구 백범로 324 1층,0,00:00.0,00:00.0,,,Y
18570,,빵어니스타 이태원점,3020000,용산구,104,휴게음식점,10401,과자점,,14,채식음식점,2024-11-15,Y,Y,,37.533005,126.994126,0507-1335-7769,,,"서울특별시 용산구 서울 용산구 보광로55길 3 1층, 2층",0,00:00.0,00:00.0,,,Y
18582,,노노샵,3020000,용산구,104,휴게음식점,10401,과자점,,14,채식음식점,2024-11-15,Y,Y,,37.5310625,126.995842,0507-1465-1072,,,서울특별시 용산구 서울 용산구 보광로 90 202호,0,00:00.0,00:00.0,,,Y
18507,,카무플라주,3020000,용산구,101,일반음식점,10101,한식,,14,채식음식점,2024-11-15,Y,Y,,37.5336356,126.993565,0507-1446-3224,,,"서울특별시 용산구 서울특별시 용산구 이태원로26길 19, 2층 ",0,00:00.0,00:00.0,,,Y
18513,,휴게음식점 시바,3020000,용산구,101,일반음식점,10101,한식,,14,채식음식점,2024-11-15,Y,Y,,37.5429582,126.972821,0507-1352-1339,,,서울특별시 용산구 서울특별시 용산구 한강대로 276-1 ,0,00:00.0,00:00.0,,,Y
18525,,브레게티,3020000,용산구,101,일반음식점,10101,한식,,14,채식음식점,2024-11-15,Y,Y,,37.5338375,126.99428,0507-1430-5331,,,"서울특별시 용산구 서울특별시 용산구 보광로 124, 2층 ",0,00:00.0,00:00.0,,,Y
18526,,바이두부,3020000,용산구,101,일반음식점,10101,한식,,14,채식음식점,2024-11-15,Y,Y,,37.5460966,126.985189,0507-1378-7019,,,서울특별시 용산구 서울특별시 용산구 소월로20길 10 ,0,00:00.0,00:00.0,,,Y
18580,,비비스베지,3020000,용산구,101,일반음식점,10101,한식,,14,채식음식점,2024-11-15,Y,Y,,37.540852,126.991994,0507-1447-1312,,,서울특별시 용산구 서울 용산구 회나무로13가길 42 . 1층,0,00:00.0,00:00.0,,,Y
18527,,흠마켓,3020000,용산구,101,일반음식점,10101,한식,,14,채식음식점,2024-11-15,Y,Y,,37.54188,126.986625,,,,서울특별시 용산구 서울특별시 용산구 신흥로5길 8 ,0,00:00.0,00:00.0,,,Y
18528,,몽크스부처,3020000,용산구,101,일반음식점,10101,한식,,14,채식음식점,2024-11-15,Y,Y,,37.5354565,126.99923,02-790-1108,,,서울특별시 용산구 서울특별시 용산구 이태원로 228-1,0,00:00.0,00:00.0,,,Y
18532,,플랜트 (PLANT),3020000,용산구,101,일반음식점,10101,한식,,14,채식음식점,2024-11-15,Y,Y,,37.5331217,126.99423,02-749-1981,,,서울특별시 용산구 서울특별시 용산구 보광로 117 ,0,00:00.0,00:00.0,,,Y
18539,,레이지 파머스,3020000,용산구,101,일반음식점,10101,한식,,14,채식음식점,2024-11-15,Y,Y,,37.540413,126.9934,0507-1419-6301,,,"서울특별시 용산구 서울특별시 용산구 회나무로35길 5, A동",0,00:00.0,00:00.0,,,Y
18540,,베제투스,3020000,용산구,101,일반음식점,10101,한식,,14,채식음식점,2024-11-15,Y,Y,,37.543698,126.98726,070-8824-5959,,,서울특별시 용산구 서울특별시 용산구 신흥로 59,0,00:00.0,00:00.0,,,Y
18541,,베지위켄드,3020000,용산구,101,일반음식점,10101,한식,,14,채식음식점,2024-11-15,Y,Y,,37.5344821,127.007516,0507-1350-6553,,,"서울특별시 용산구 서울특별시 용산구 한남대로 60, 1층 디101, 디102호",0,00:00.0,00:00.0,,,Y
18486,,리틀갱스터,3020000,용산구,101,일반음식점,10101,한식,,14,채식음식점,2024-11-15,Y,Y,,37.5394959,126.957227,,,,서울특별시 용산구 서울특별시 용산구새창로12갈11-3 1층,0,00:00.0,00:00.0,,,Y
18544,,로컬릿,3030000,성동구,101,일반음식점,10101,한식,,14,채식음식점,2024-11-15,Y,Y,,37.540915,127.014742,0507-1354-3399,,,"서울특별시 성동구 서울특별시 성동구 한림말길 33, 2층",0,00:00.0,00:00.0,,,Y
18565,,초록뜰식당,3050000,동대문구,101,일반음식점,10101,한식,,14,채식음식점,2024-11-15,Y,Y,,37.5885364,127.062818,02-2243-7733,,,서울특별시 동대문구 서울 동대문구 망우로18길 36,0,00:00.0,00:00.0,,,Y
18485,,유기농 채식휴게음식점 마주이야기,3080000,강북구,104,휴게음식점,10401,과자점,,14,채식음식점,2024-11-15,Y,Y,,37.6368705,127.012307,,,,서울특별시 강북구 서울특별시 강북구 인수봉로55길 10 2층,0,00:00.0,00:00.0,,,Y
18572,,베지스,3120000,서대문구,101,일반음식점,10101,한식,,14,채식음식점,2024-11-15,Y,Y,,37.5768384,126.931211,0507-1343-9312,,,서울특별시 서대문구 서울 서대문구 홍연길 87 1층(연희동),0,00:00.0,00:00.0,,,Y
18538,,포포브레드,3130000,마포구,104,휴게음식점,10401,과자점,,14,채식음식점,2024-11-15,Y,Y,,37.5545705,126.917104,0507-1338-2044,,,"서울특별시 마포구 서울특별시 마포구 동교로18길 13, 세원빌딩 1층 ",0,00:00.0,00:00.0,,,Y
18533,,더브레드블루(신촌),3130000,마포구,104,휴게음식점,10401,과자점,,14,채식음식점,2024-11-15,Y,Y,,37.5551595,126.93278,0507-1425-0723,,,서울특별시 마포구 서울특별시 마포구 신촌로12다길 3 ,0,00:00.0,00:00.0,,,Y
18586,,비건다움 제과점,3130000,마포구,104,휴게음식점,10401,과자점,,14,채식음식점,2024-11-15,Y,Y,,37.5691546,126.913251,0507-1432-9884,,,서울특별시 마포구 서울 마포구 성암로 28 Agate 상가 104호,0,00:00.0,00:00.0,,,Y
18583,,두두리두팡,3130000,마포구,104,휴게음식점,10401,과자점,,14,채식음식점,2024-11-15,Y,Y,,37.5569067,126.907919,070-8810-2379,,,서울특별시 마포구 서울 마포구 월드컵로23길 19 1층 두두리두팡,0,00:00.0,00:00.0,,,Y
18575,,줄리아스케이크룸,3130000,마포구,104,휴게음식점,10401,과자점,,14,채식음식점,2024-11-15,Y,Y,,37.5485707,126.938829,0507-1377-0941,,,서울특별시 마포구 서울 마포구 광성로6길 30 1층,0,00:00.0,00:00.0,,,Y
18508,,써니보울,3130000,마포구,101,일반음식점,10101,한식,,14,채식음식점,2024-11-15,Y,Y,,37.5557463,126.947467,070-8744-4250,,,"서울특별시 마포구 서울특별시 마포구 숭문16길 18, 1층",0,00:00.0,00:00.0,,,Y
18579,,베지 스튜디오,3130000,마포구,101,일반음식점,10101,한식,,14,채식음식점,2024-11-15,Y,Y,,37.545487,126.946616,0507-1320-1976,,,서울특별시 마포구 서울 마포구 백범로 152 202동 1층 13호,0,00:00.0,00:00.0,,,Y
18549,,카멜스 키친,3130000,마포구,101,일반음식점,10101,한식,,14,채식음식점,2024-11-15,Y,Y,,37.5521886,126.906894,02-6326-3200,,,"서울특별시 마포구 서울특별시 마포구 포은로 52-1, 2호",0,00:00.0,00:00.0,,,Y
18529,,셰발레리,3130000,마포구,101,일반음식점,10101,한식,,14,채식음식점,2024-11-15,Y,Y,,37.5520668,126.906964,02-6013-0269,,,서울특별시 마포구 서울특별시 마포구 포은로 52 ,0,00:00.0,00:00.0,,,Y
18531,,대안부엌 풀,3130000,마포구,101,일반음식점,10101,한식,,14,채식음식점,2024-11-15,Y,Y,,37.5550251,126.905043,0507-1330-3780,,,"서울특별시 마포구 서울특별시 마포구 포은로 89, 2층",0,00:00.0,00:00.0,,,Y
18534,,점점점점점점,3130000,마포구,101,일반음식점,10101,한식,,14,채식음식점,2024-11-15,Y,Y,,37.5772358,126.89621,0507-1318-5971,,,"서울특별시 마포구 서울특별시 마포구 성암로15길 36, 1층",0,00:00.0,00:00.0,,,Y
18542,,베이스 이즈 나이스,3130000,마포구,101,일반음식점,10101,한식,,14,채식음식점,2024-11-15,Y,Y,,37.5396362,126.949096,0507-1306-6724,,,서울특별시 마포구 서울특별시 마포구 도화2길 20,0,00:00.0,00:00.0,,,Y
18548,,슬런치 팩토리,3130000,마포구,101,일반음식점,10101,한식,,14,채식음식점,2024-11-15,Y,Y,,37.5650957,126.924136,02-325-8843,,,서울특별시 마포구 서울특별시 마포구 성미산로 161-6,0,00:00.0,00:00.0,,,Y
18573,,슬금슬금,3130000,마포구,101,일반음식점,10101,한식,,14,채식음식점,2024-11-15,Y,Y,,37.5604549,126.915823,0507-1361-5775,,,서울특별시 마포구 서울 마포구 월드컵북로 75 1층,0,00:00.0,00:00.0,,,Y
18501,,드렁큰비건,3130000,마포구,101,일반음식점,10101,한식,,14,채식음식점,2024-11-15,Y,Y,,37.5541625,126.929956,070-7543-8101,,,서울특별시 마포구 서울특별시 마포구 와우산로30길 13 ,0,00:00.0,00:00.0,,,Y
18502,,슬금슬금,3130000,마포구,101,일반음식점,10101,한식,,14,채식음식점,2024-11-15,Y,Y,,37.5604549,126.915823,0507-1361-5575,,,서울특별시 마포구 서울 마포구 월드컵북로 75 1층,0,00:00.0,00:00.0,,,Y
18551,,공간녹음,3150000,강서구,101,일반음식점,10101,한식,,14,채식음식점,2024-11-15,Y,Y,,37.559627,126.832694,0507-1327-6998,,,서울특별시 강서구 서울특별시 강서구 공항대로 227 403호,0,00:00.0,00:00.0,,,Y
18518,,아승지,3180000,영등포구,101,일반음식점,10101,한식,,14,채식음식점,2024-11-15,Y,Y,,37.5078459,126.911203,0507-1400-7595,,,서울특별시 영등포구 서울특별시 영등포구 신길로 176 ,0,00:00.0,00:00.0,,,Y
18505,,휘게라이프,3200000,관악구,104,휴게음식점,10401,과자점,,14,채식음식점,2024-11-15,Y,Y,,37.4749657,126.976925,0507-1350-6394,,,서울특별시 관악구 서울 관악구 남현길 37 2층(남현동),0,00:00.0,00:00.0,,,Y
18488,,비건마마,3200000,관악구,104,휴게음식점,10401,과자점,,14,채식음식점,2024-11-15,Y,Y,,37.4825741,126.950958,0507-1496-2218,,,"서울특별시 관악구 서울특별시 관악구 봉천로 457-1, 1층 ",0,00:00.0,00:00.0,,,Y
18581,,스왈로 베이커리 휴게음식점,3210000,서초구,104,휴게음식점,10401,과자점,,14,채식음식점,2024-11-15,Y,Y,,37.4843786,127.014454,02-6092-8575,,,서울특별시 서초구 서울 서초구 효령로 276 203호,0,00:00.0,00:00.0,,,Y
18556,,더래빗,3210000,서초구,104,휴게음식점,10401,과자점,,14,채식음식점,2024-11-15,Y,Y,,37.4796811,126.983404,0507-1353-7847,,,서울특별시 서초구 서울 서초구 방배천로4안길 38 1층,0,00:00.0,00:00.0,,,Y
18555,,휴게음식점 거북이,3210000,서초구,104,휴게음식점,10401,과자점,,14,채식음식점,2024-11-15,Y,Y,,37.4801895,126.983416,070-4015-5314,,,서울특별시 서초구 서울특별시 서초구 방배천로4안길 48 ,0,00:00.0,00:00.0,,,Y
18587,,플랫오,3210000,서초구,101,일반음식점,10101,한식,,14,채식음식점,2024-11-15,Y,Y,,37.4765354,127.040134,0507-1351-0299,,,서울특별시 서초구 서울 서초구 양재천로 103-1 1층 (서울특별시 서초구 양재동 97-5 1층),0,00:00.0,00:00.0,,,Y
18535,,천년식향(밀레니얼 다이닝),3210000,서초구,101,일반음식점,10101,한식,,14,채식음식점,2024-11-15,Y,Y,,37.4854203,127.018966,,,,서울특별시 서초구 서울특별시 서초구 효령로 316-1 3층,0,00:00.0,00:00.0,,,Y
18537,,푸드 더즈 매터 (Food does Matter),3210000,서초구,101,일반음식점,10101,한식,,14,채식음식점,2024-11-15,Y,Y,,37.4962399,126.997632,02-593-3322,,,서울특별시 서초구 서울특별시 서초구 서래로1길 10 ,0,00:00.0,00:00.0,,,Y
18543,,홀썸,3210000,서초구,101,일반음식점,10101,한식,,14,채식음식점,2024-11-15,Y,Y,,37.47629,127.037915,0507-1429-1177,,,"서울특별시 서초구 서울특별시 서초구 양재천로19길 19, 1층 ",0,00:00.0,00:00.0,,,Y
18490,,남미플랜트랩,3210000,서초구,101,일반음식점,10101,한식,,14,채식음식점,2024-11-15,Y,Y,,37.4806227,126.983234,,,,서울특별시 서초구 서울특별시 서초구 방배천로4안길55 2층,0,00:00.0,00:00.0,,,Y
18500,,비건비거닝,3220000,강남구,104,휴게음식점,10401,과자점,,14,채식음식점,2024-11-15,Y,Y,,37.5030264,127.049108,02-740-5060,,,서울특별시 강남구 서울 강남구 선릉로85길 6 호텔뉴브 1층 비건비거닝,0,00:00.0,00:00.0,,,Y
18491,,콜리플라워,3220000,강남구,104,휴게음식점,10401,과자점,,14,채식음식점,2024-11-15,Y,Y,,37.5189217,127.021113,02-515-1345,,,서울특별시 강남구 서울 강남구 압구정로2길 45 플라워베이커리 내,0,00:00.0,00:00.0,,,Y
18578,,노르디,3220000,강남구,104,휴게음식점,10401,과자점,,14,채식음식점,2024-11-15,Y,Y,,37.5233988,127.031486,0507-1420-3320,,,서울특별시 강남구 서울 강남구 도산대로37길 36 지상1층,0,00:00.0,00:00.0,,,Y
18515,,러빙헛 휴게음식점,3220000,강남구,101,일반음식점,10101,한식,,14,채식음식점,2024-11-15,Y,Y,,37.4768939,127.04944,02-576-2158,,,서울특별시 강남구 서울특별시 강남구 개포로22길 35 ,0,00:00.0,00:00.0,,,Y
18516,,러빙헛 랜드,3220000,강남구,101,일반음식점,10101,한식,,14,채식음식점,2024-11-15,Y,Y,,37.4767506,127.0477,0507-1402-0512,,,서울특별시 강남구 서울특별시 강남구 논현로16길 17,0,00:00.0,00:00.0,,,Y
18585,,썬더버드 청담점,3220000,강남구,101,일반음식점,10101,한식,,14,채식음식점,2024-11-15,Y,Y,,37.5261878,127.041701,0507-1436-1377,,,서울특별시 강남구 서울 강남구 압구정로60길 18,0,00:00.0,00:00.0,,,Y
18568,,베지그린,3220000,강남구,101,일반음식점,10101,한식,,14,채식음식점,2024-11-15,Y,Y,,37.4769745,127.047358,0507-1403-6316,,,서울특별시 강남구 서울 강남구 개포로20길 24-10 광민빌딩 1층,0,00:00.0,00:00.0,,,Y
18545,,플랜튜드,3220000,강남구,101,일반음식점,10101,한식,,14,채식음식점,2024-11-15,Y,Y,,37.5120183,127.059036,02-551-3933,,,"서울특별시 강남구 서울특별시 강남구 영동대로 513, 스타필드 지하1층 I-111호",0,00:00.0,00:00.0,,,Y
18546,,음 이터리&베이커리,3220000,강남구,101,일반음식점,10101,한식,,14,채식음식점,2024-11-15,Y,Y,,37.4846756,127.045474,0507-1402-2048,,,"서울특별시 강남구 서울특별시 강남구 논현로28길 47, 1층",0,00:00.0,00:00.0,,,Y
18547,,스타일비건,3220000,강남구,101,일반음식점,10101,한식,,14,채식음식점,2024-11-15,Y,Y,,37.518782,127.040043,1800-2361,,,"서울특별시 강남구 서울특별시 강남구 선릉로135길 6, 2층",0,00:00.0,00:00.0,,,Y
18492,,레왇,3220000,강남구,101,일반음식점,10101,한식,,14,채식음식점,2024-11-15,Y,Y,,37.5195659,127.01909,0507-1365-1567,,,"서울특별시 강남구 서울특별시 강남구 강남대로 652, 지상 2층 207-2호",0,00:00.0,00:00.0,,,Y
18489,,마히나 비건 테이블,3220000,강남구,101,일반음식점,10101,한식,,14,채식음식점,2024-11-15,Y,Y,,37.4955534,127.03009,070-8880-4321,,,서울특별시 강남구 서울특별시 강남구 테헤란로4길 46 쌍용플래티넘밸류B1-139호,0,00:00.0,00:00.0,,,Y
18493,,달리아 다이닝,3220000,강남구,101,일반음식점,10101,한식,,14,채식음식점,2024-11-15,Y,Y,,37.5232352,127.035758,070-4482-0102,,,서울특별시 강남구 서울 강남구 도산대로45길 14 2층 달리아 다이닝,0,00:00.0,00:00.0,,,Y
18494,,핀치 브런치바,3220000,강남구,101,일반음식점,10101,한식,,14,채식음식점,2024-11-15,Y,Y,,37.5214919,127.02058,0507-1390-0526,,,서울특별시 강남구 서울특별시 강남구 압구정로4길 19 ,0,00:00.0,00:00.0,,,Y
18495,,마히나 비건 테이블,3220000,강남구,101,일반음식점,10101,한식,,14,채식음식점,2024-11-15,Y,Y,,37.5236618,127.023039,0507-1371-5331,,,서울특별시 강남구 서울특별시 강남구 논현로175길 75 2층 ,0,00:00.0,00:00.0,,,Y
18497,,닥터비건,3220000,강남구,101,일반음식점,10101,한식,,14,채식음식점,2024-11-15,Y,Y,,37.5219086,127.04461,0507-1413-2994,,,서울특별시 강남구 서울특별시 강남구 도산대로68길 25,0,00:00.0,00:00.0,,,Y
18511,,비건네이처,3230000,송파구,104,휴게음식점,10401,과자점,,14,채식음식점,2024-11-15,Y,Y,,37.5066958,127.106287,02-2138-0111,,,"서울특별시 송파구 서울 송파구 송파대로 448-1 102, 103호",0,00:00.0,00:00.0,,,Y
18576,,오도브,3230000,송파구,104,휴게음식점,10401,과자점,,14,채식음식점,2024-11-15,Y,Y,,37.5033885,127.12846,0507-1427-3475,,,서울특별시 송파구 서울 송파구 중대로27길 1 1층,0,00:00.0,00:00.0,,,Y
18487,,루티드,3230000,송파구,101,일반음식점,10101,한식,,14,채식음식점,2024-11-15,Y,Y,,37.5114745,127.11144,070-8844-1707,,,서울특별시 송파구 서울특별시 송파구 오금로17길 7 1층,0,00:00.0,00:00.0,,,Y
18552,,포리스트 키친,3230000,송파구,101,일반음식점,10101,한식,,14,채식음식점,2024-11-15,Y,Y,,37.5137076,127.104304,02-3213-4626,,,"서울특별시 송파구 서울특별시 송파구 올림픽로 300, 롯데월드몰 6층",0,00:00.0,00:00.0,,,Y
18536,,우부래도 배지찬,3190000,동작구,104,휴게음식점,10401,과자점,,14,채식음식점,2024-11-15,Y,Y,,37.5031359,126.94864,0507-1428-0599,,,서울특별시 동작구 서울특별시 동작구 상도로37길 3 ,0,00:00.0,00:00.0,,,Y
18530,,전환마을부엌 밥풀꽃,3110000,은평구,101,일반음식점,10101,한식,,14,채식음식점,2024-11-15,Y,Y,,37.610685,126.916088,02-387-1129,,,"서울특별시 은평구 서울특별시 은평구 연서로15길 8, 1층 ",0,00:00.0,00:00.0,,,Y
18055,,명품정육,3130000,마포구,501,식육즉석판매가공업,50101,정육점,김대섭,19,우리동네 모범정육점,2024-05-23,Y,Y,,37.5539674,126.947639,,,,"서울특별시 마포구 대흥로24길 24, 에이동 B3층 111호",서울 제2024-01013호,00:00.0,00:00.0,,,Y
18068,,도봉정육점,3090000,도봉구,502,식육판매업,50201,정육점,박성민,19,우리동네 모범정육점,2024-05-23,Y,Y,,37.6774779,127.044682,,,,서울특별시 도봉구 도봉로819,서울 제2024-01026호,00:00.0,00:00.0,,,Y
18051,,한성정육도메점,3150000,강서구,501,식육즉석판매가공업,50101,정육점,이연석,19,우리동네 모범정육점,2024-05-23,Y,Y,,37.5329408,126.86065,,,,서울특별시 강서구 곰달래로55길 20(화곡동),서울 제2024-01009호,00:00.0,00:00.0,,,Y
18070,,무주진안장수 축산물판매점,3030000,성동구,502,식육판매업,50201,정육점,안종관,19,우리동네 모범정육점,2024-05-23,Y,Y,,37.5691587,127.026359,,,,서울특별시 성동구 무학로33(154동101호),서울 제2024-01028호,00:00.0,00:00.0,,,Y
18056,,행당시장 축협직매장,3030000,성동구,502,식육판매업,50201,정육점,김우석,19,우리동네 모범정육점,2024-05-23,Y,Y,,37.560199,127.032554,,,,서울특별시 성동구 무학봉16길 18,서울 제2024-01014호,00:00.0,00:00.0,,,Y
18058,,한우예가,3230000,송파구,502,식육판매업,50201,정육점,윤준형,19,우리동네 모범정육점,2024-05-23,Y,Y,,37.4771488,127.127399,,,,"서울특별시 송파구 충민로2길 28, 대진프라자 103호",서울 제2024-01016호,00:00.0,00:00.0,,,Y
18065,,대풍정육점,3100000,노원구,502,식육판매업,50201,정육점,신경숙,19,우리동네 모범정육점,2024-05-23,Y,Y,,37.6308984,127.058614,,,,서울특별시 노원구 월계로53길 17,서울 제2024-01023호,00:00.0,00:00.0,,,Y
18066,,미스터축산㈜수락산점,3100000,노원구,502,식육판매업,50201,정육점,박영환,19,우리동네 모범정육점,2024-05-23,Y,Y,,37.6802991,127.054861,,,,"서울특별시 노원구 동일로 1701,110호",서울 제2024-01024호,00:00.0,00:00.0,,,Y
18044,,우리동네 착한정육점,3040000,광진구,501,식육즉석판매가공업,50101,정육점,김태완,19,우리동네 모범정육점,2024-05-23,Y,Y,,37.5643133,127.08174,,,,서울특별시 광진구 긴고랑로11길23,서울 제2024-01002호,00:00.0,00:00.0,,,Y
18043,,근호네푸줏간,3050000,동대문구,501,식육즉석판매가공업,50101,정육점,문근호,19,우리동네 모범정육점,2024-05-23,Y,Y,,37.5741418,127.046276,,,,서울특별시 동대문구 서울시립대로 30,서울 제2024-01001호,00:00.0,00:00.0,,,Y
18049,,독산정육점,3170000,금천구,501,식육즉석판매가공업,50101,정육점,이철현,19,우리동네 모범정육점,2024-05-23,Y,Y,,37.465401,126.903778,,,,서울특별시 금천구 독산로64길 23 (독산동),서울 제2024-01007호,00:00.0,00:00.0,,,Y
18071,,한남아버지육간,3030000,성동구,501,식육즉석판매가공업,50101,정육점,김순열,19,우리동네 모범정육점,2024-05-23,Y,Y,,37.5495886,127.030824,,,,서울특별시 성동구 독서당로60길4,서울 제2024-01029호,00:00.0,00:00.0,,,Y
18067,,정직한 청년축산,3090000,도봉구,501,식육즉석판매가공업,50101,정육점,조자경,19,우리동네 모범정육점,2024-05-23,Y,Y,,37.6608133,127.036362,,,,서울특별시 도봉구 도봉로 180나길19(122호),서울 제2024-01025호,00:00.0,00:00.0,,,Y
18069,,미소정육점,3090000,도봉구,501,식육즉석판매가공업,50101,정육점,이일구,19,우리동네 모범정육점,2024-05-23,Y,Y,,37.657475,127.028131,,,,"서울특별시 도봉구 해등로255, 101동 210호(씽문동, 에벤에셀아파트)",서울 제2024-01027호,00:00.0,00:00.0,,,Y
18047,,동원축산,3010000,중구,501,식육즉석판매가공업,50101,정육점,안성호,19,우리동네 모범정육점,2024-05-23,Y,Y,,37.554423,127.01191,,,,"서울특별시 중구 동호로10길 12, 1층 (신당동)",서울 제2024-01005호,00:00.0,00:00.0,,,Y
18059,,바른고기파는집,3230000,송파구,502,식육판매업,50201,정육점,이옥이,19,우리동네 모범정육점,2024-05-23,Y,Y,,37.5213491,127.104949,,,,"서울특별시 송파구 올림픽로 435,  지상1층 128호",서울 제2024-01017호,00:00.0,00:00.0,,,Y
18057,,누림축산,3160000,구로구,501,식육즉석판매가공업,50101,정육점,정유환,19,우리동네 모범정육점,2024-05-23,Y,Y,,37.4859642,126.838822,,,,"서울특별시 구로구 오리로 1141, 네이처힐 104호(천왕동)",서울 제2024-01015호,00:00.0,00:00.0,,,Y
18046,,삼성정육점,3080000,강북구,502,식육판매업,50201,정육점,한옥자,19,우리동네 모범정육점,2024-05-23,Y,Y,,37.6359442,127.015563,,,,"서울특별시 강북구 삼양로87길 39, 1층",서울 제2024-01004호,00:00.0,00:00.0,,,Y
18050,,우림촌,3160000,구로구,501,식육즉석판매가공업,50101,정육점,원춘재,19,우리동네 모범정육점,2024-05-23,Y,Y,,37.4957035,126.87314,,,,"서울특별시 구로구 구일로 10길 27, 제B동 120호",서울 제2024-01008호,00:00.0,00:00.0,,,Y
18062,,㈜진성그린푸드북가좌점,3120000,서대문구,502,식육판매업,50201,정육점,조용수,19,우리동네 모범정육점,2024-05-23,Y,Y,,37.5821203,126.913322,,,,서울특별시 서대문구 응암로 108,서울 제2024-01020호,00:00.0,00:00.0,,,Y
18072,,미스터축산㈜먹골역점,3060000,중랑구,502,식육판매업,50201,정육점,박영환,19,우리동네 모범정육점,2024-05-23,Y,Y,,37.612175,127.078037,,,,서울특별시 중랑구 공릉로2길3,서울 제2024-01030호,00:00.0,00:00.0,,,Y
18045,,대명정육점,3080000,강북구,502,식육판매업,50201,정육점,이기우,19,우리동네 모범정육점,2024-05-23,Y,Y,,37.615375,127.028781,,,,서울특별시 강북구 솔샘로64길47,서울 제2024-01003호,00:00.0,00:00.0,,,Y
18060,,강서목우촌,3130000,마포구,502,식육판매업,50201,정육점,현정숙,19,우리동네 모범정육점,2024-05-23,Y,Y,,37.5801541,126.88319,,,,"서울특별시 마포구 상암산로1길 73, 월드프라자 101호",서울 제2024-01018호,00:00.0,00:00.0,,,Y
18061,,정담고깃간,3130000,마포구,502,식육판매업,50201,정육점,박준양,19,우리동네 모범정육점,2024-05-23,Y,Y,,37.5668918,126.917132,,,,서울특별시 마포구 연남로13길1(103호),서울 제2024-01019호,00:00.0,00:00.0,,,Y
18052,,진성축산,3110000,은평구,502,식육판매업,50201,정육점,조용수,19,우리동네 모범정육점,2024-05-23,Y,Y,,37.6026376,126.910476,070-7732-8198,,,서울특별시 은평구 갈현로 54,서울 제2024-01010호,00:00.0,00:00.0,,,Y
18064,,하하하정육점,3020000,용산구,501,식육즉석판매가공업,50101,정육점,강동빈,19,우리동네 모범정육점,2024-05-23,Y,Y,,37.539527,126.989268,,,,"서울특별시 용산구 회나무로13길 5, 지상1층",서울 제2024-01022호,00:00.0,00:00.0,,,Y
18063,,지리산,3020000,용산구,501,식육즉석판매가공업,50101,정육점,곽봉영,19,우리동네 모범정육점,2024-05-23,Y,Y,,37.5498938,126.978309,,,,"서울특별시 용산구 후암로28길 15, 지하1층",서울 제2024-01021호,00:00.0,00:00.0,,,Y
18053,,두근두근정육스토어,3110000,은평구,501,식육즉석판매가공업,50101,정육점,류지연,19,우리동네 모범정육점,2024-05-23,Y,Y,,37.599417,126.909073,070-7732-8198,,,서울특별시 은평구 갈현로1길 10,서울 제2024-01011호,00:00.0,00:00.0,,,Y
18054,,아빠축산,3050000,동대문구,501,식육즉석판매가공업,50101,정육점,강민정,19,우리동네 모범정육점,2024-05-23,Y,Y,,37.5807903,127.070974,,,,서울특별시 동대문구 사가정로25길46,서울 제2024-01012호,00:00.0,00:00.0,,,Y
18048,,고기중심,3060000,중랑구,501,식육즉석판매가공업,50101,정육점,권혁준,19,우리동네 모범정육점,2024-05-23,Y,Y,,37.596909,127.098734,,,,서울특별시 중랑구 망우로 62길  57,서울 제2024-01006호,00:00.0,00:00.0,,,Y
17984,,남귀한우,3190000,동작구,501,식육즉석판매가공업,50101,정육점,하창효,19,우리동네 모범정육점,2023-12-19,Y,Y,,37.5001821,126.9278548,,,,"서울특별시 동작구 대방동길 3, 1층 (대방동)",서울 제2023-01057호,00:00.0,00:00.0,,,Y
17974,,하나로축산,3240000,강동구,502,식육판매업,50201,정육점,박길순,19,우리동네 모범정육점,2023-12-19,Y,Y,,37.557584,127.168926,,,,서울특별시 강동구 고덕로83길 12,서울 제2023-01045호,00:00.0,00:00.0,,,Y
18008,,(주)삼성식자재마트,3120000,서대문구,502,식육판매업,50201,정육점,유재명,19,우리동네 모범정육점,2023-12-19,Y,Y,,37.5862003,126.9464479,,,,"서울특별시 서대문구 통일로 413, 1층 (홍제동)",서울 제2023-01081호,00:00.0,00:00.0,,,Y
18009,,진로식자재마트 축산,3120000,서대문구,501,식육즉석판매가공업,50101,정육점,최상용,19,우리동네 모범정육점,2023-12-19,Y,Y,,37.5582354,126.9559416,02-364-3838,,,"서울특별시 서대문구  신촌로35길 10, 지층418호",서울 제2023-01082호,00:00.0,00:00.0,,,Y
17979,,삼촌네푸줏간,3050000,동대문구,501,식육즉석판매가공업,50101,정육점,신대섭,19,우리동네 모범정육점,2023-12-19,Y,Y,,37.5722385,127.0533054,,,,서울특별시 동대문구 답십리로130 래미안위브102동상가1층,서울 제2023-01051호,00:00.0,00:00.0,,,Y
17998,,담우소정육,3210000,서초구,501,식육즉석판매가공업,50101,정육점,김중엽,19,우리동네 모범정육점,2023-12-19,Y,Y,,37.4910536,127.0277116,02-525-6106,,,"서울특별시 서초구 사임당로 158, B1층 111-1, 122, 123호",서울 제2023-01071호,00:00.0,00:00.0,,,Y
17999,,바른고기,3210000,서초구,501,식육즉석판매가공업,50101,정육점,김덕영,19,우리동네 모범정육점,2023-12-19,Y,Y,,37.4874421,126.9840093,02-599-9289,,,서울특별시 서초구 동광로 12가길16 (방배동),서울 제2023-01072호,00:00.0,00:00.0,,,Y
18000,,방배푸줏간,3210000,서초구,502,식육판매업,50201,정육점,임정훈,19,우리동네 모범정육점,2023-12-19,Y,Y,,37.496656,126.9877635,02-535-0848,,,서울특별시 서초구 방배로 269(삼호상가 111호),서울 제2023-01073호,00:00.0,00:00.0,,,Y
17989,,독립문 축산,3000000,종로구,501,식육즉석판매가공업,50101,정육점,김기수,19,우리동네 모범정육점,2023-12-19,Y,Y,,37.5739682,126.9590842,,,,"서울특별시 종로구 통일로230, 108호",서울 제2023-01062호,00:00.0,00:00.0,,,Y
17975,,정직한국가대표 고기마을,3080000,강북구,501,식육즉석판매가공업,50101,정육점,임지훈,19,우리동네 모범정육점,2023-12-19,Y,Y,,37.6462269,127.0196413,,,,서울특별시 강북구 노해로23길76,서울 제2023-01047호,00:00.0,00:00.0,,,Y
17977,,배봉축산물,3050000,동대문구,502,식육판매업,50201,정육점,전 연,19,우리동네 모범정육점,2023-12-19,Y,Y,,37.5784059,127.0674244,02-2243-5989,,,서울특별시 동대문구 사가정로 202,서울 제2023-01049호,00:00.0,00:00.0,,,Y
17981,,동네정육점,3200000,관악구,501,식육즉석판매가공업,50101,정육점,김용구,19,우리동네 모범정육점,2023-12-19,Y,Y,,37.4753389,126.9376727,,,,"서울특별시 관악구 서림길 16, 1층 (신림동)",서울 제2023-01054호,00:00.0,00:00.0,,,Y
17990,,목우촌 웰빙마을 신촌그랑자이점,3130000,마포구,502,식육판매업,50201,정육점,임정권,19,우리동네 모범정육점,2023-12-19,Y,Y,,37.5552581,126.9443598,,,,"서울특별시 마포구 대흥로183, 2동102호",서울 제2023-01063호,00:00.0,00:00.0,,,Y
18012,,상암축산물도매센터,3130000,마포구,501,식육즉석판매가공업,50101,정육점,정귀호,19,우리동네 모범정육점,2023-12-19,Y,Y,,37.5761238,126.8958495,,,,서울특별시 마포구 월드컵북로44길25,서울 제2023-01085호,00:00.0,00:00.0,,,Y
17982,,축산나라,3190000,동작구,501,식육즉석판매가공업,50101,정육점,곽향분,19,우리동네 모범정육점,2023-12-19,Y,Y,,37.4820182,126.9726064,02-588-6684,,,"서울특별시 동작구 사당로16길 38, 1층 (사당동)",서울 제2023-01055호,00:00.0,00:00.0,,,Y
17983,,한우축산,3190000,동작구,501,식육즉석판매가공업,50101,정육점,김재영,19,우리동네 모범정육점,2023-12-19,Y,Y,,37.4882156,126.9807083,02-595-8005,,,"서울특별시 동작구 동작대로29길 24, 1층, 107호 (사당동)",서울 제2023-01056호,00:00.0,00:00.0,,,Y
18010,,안심축산물전문점 풍납시장점,3230000,송파구,502,식육판매업,50201,정육점,임신생,19,우리동네 모범정육점,2023-12-19,Y,Y,,37.5367878,127.1216219,,,,서울특별시 송파구 풍성로25길40,서울 제2023-01083호,00:00.0,00:00.0,,,Y
18005,,정육점사람들,3230000,송파구,501,식육즉석판매가공업,50101,정육점,연규철,19,우리동네 모범정육점,2023-12-19,Y,Y,,37.4959975,127.1475112,,,,"서울특별시 송파구  거마로 56, 124호",서울 제2023-01078호,00:00.0,00:00.0,,,Y
18004,,어나더미트,3230000,송파구,501,식육즉석판매가공업,50101,정육점,김래성,19,우리동네 모범정육점,2023-12-19,Y,Y,,37.5096817,127.0856764,02-6958-8503,,,"서울특별시 송파구  석촌호수로 74, 1층, 상가102-1호",서울 제2023-01077호,00:00.0,00:00.0,,,Y
18003,,"오늘,고기",3230000,송파구,501,식육즉석판매가공업,50101,정육점,김태훈,19,우리동네 모범정육점,2023-12-19,Y,Y,,37.4946503,127.1456153,02-6397-5767,,,"서울특별시 송파구 거마로8길 6, 1층(거여동)",서울 제2023-01076호,00:00.0,00:00.0,,,Y
17987,,응암정육점,3110000,은평구,501,식육즉석판매가공업,50101,정육점,홍성재,19,우리동네 모범정육점,2023-12-19,Y,Y,,37.6004585,126.9298601,,,,서울특별시 은평구 은평로16길10 (응암동),서울 제2023-01060호,00:00.0,00:00.0,,,Y
17978,,금별축산,3060000,중랑구,501,식육즉석판매가공업,50101,정육점,노경완,19,우리동네 모범정육점,2023-12-19,Y,Y,,37.5822718,127.0882426,,,,"서울특별시 중랑구 면목로341, 1-6호",서울 제2023-01050호,00:00.0,00:00.0,,,Y
17976,,한우마을,3090000,도봉구,502,식육판매업,50201,정육점,심근보,19,우리동네 모범정육점,2023-12-19,Y,Y,,37.6555208,127.0420946,02-995-0518,,,서울특별시 도봉구  해등로16길35,서울 제2023-01048호,00:00.0,00:00.0,,,Y
18011,,일심정육,3160000,구로구,501,식육즉석판매가공업,50101,정육점,김재관,19,우리동네 모범정육점,2023-12-19,Y,Y,,37.4917562,126.8594253,,,,"서울특별시 구로구 개봉로20길6, 2상가",서울 제2023-01084호,00:00.0,00:00.0,,,Y
18006,,보름달축산,3160000,구로구,501,식육즉석판매가공업,50101,정육점,백민지,19,우리동네 모범정육점,2023-12-19,Y,Y,,37.5037768,126.8868952,,,,"서울특별시 구로구 새말로 58, 1층 (구로동)",서울 제2023-01079호,00:00.0,00:00.0,,,Y
17985,,늘봄축산,3190000,동작구,502,식육판매업,50201,정육점,김기순,19,우리동네 모범정육점,2023-12-19,Y,Y,,37.4881509,126.9815686,02-6409-4747,,,서울특별시 동작구 동작대로29길 8 (사당동),서울 제2023-01058호,00:00.0,00:00.0,,,Y
17996,,희망축산,3220000,강남구,501,식육즉석판매가공업,50101,정육점,김동용,19,우리동네 모범정육점,2023-12-19,Y,Y,,37.480915,127.0530116,02-529-2688,,,서울특별시 강남구 개포로 265 메디시스빌딩104호,서울 제2023-01069호,00:00.0,00:00.0,,,Y
17993,,신성유통,3140000,양천구,501,식육즉석판매가공업,50101,정육점,김정용,19,우리동네 모범정육점,2023-12-19,Y,Y,,37.5335354,126.869538,,,,"서울특별시 양천구 목동중앙로43, 1층 103호",서울 제2023-01066호,00:00.0,00:00.0,,,Y
17992,,외양간한우암소전문판매,3140000,양천구,501,식육즉석판매가공업,50101,정육점,손민호,19,우리동네 모범정육점,2023-12-19,Y,Y,,37.5374803,126.8816761,,,,"서울특별시 양천구 목동서로37, 1층 106호",서울 제2023-01065호,00:00.0,00:00.0,,,Y
17991,,정직한 정육점,3140000,양천구,501,식육즉석판매가공업,50101,정육점,박승범,19,우리동네 모범정육점,2023-12-19,Y,Y,,37.5226958,126.8732991,02-2062-7993,,,"서울특별시 양천구 목동동로12길20, 105호",서울 제2023-01064호,00:00.0,00:00.0,,,Y
17973,,녹색한우 도곡점,3220000,강남구,501,식육즉석판매가공업,50101,정육점,차재홍,19,우리동네 모범정육점,2023-12-19,Y,Y,,37.4890475,127.0402328,02-575-6042,,,서울특별시 강남구 남부순환로 365길56,서울 제2023-01044호,00:00.0,00:00.0,,,Y
17997,,축산명가,3220000,강남구,501,식육즉석판매가공업,50101,정육점,김남우,19,우리동네 모범정육점,2023-12-19,Y,Y,,37.4884768,127.0521359,02-575-2283,,,서울특별시 강남구 언주로 30길21 이카데미스위트상가B동104호,서울 제2023-01070호,00:00.0,00:00.0,,,Y
18007,,장군한우,3160000,구로구,502,식육판매업,50201,정육점,이기형,19,우리동네 모범정육점,2023-12-19,Y,Y,,37.4842605,126.9013526,,,,서울특별시 구로구 디지털로32길 97-39 (구로동),서울 제2023-01080호,00:00.0,00:00.0,,,Y
17980,,네남매축산유통,3160000,구로구,502,식육판매업,50201,정육점,이창배,19,우리동네 모범정육점,2023-12-19,Y,Y,,37.4914319,126.8538441,02-2619-2953,,,서울특별시 구로구 개봉로17길37,서울 제2023-01052호,00:00.0,00:00.0,,,Y
18002,,고밋 고기상점,3240000,강동구,502,식육판매업,50201,정육점,김명원,19,우리동네 모범정육점,2023-12-19,Y,Y,,37.5573198,127.1685102,,,,"서울특별시 강동구 고덕로 385, 고덕그라시움4상가107호",서울 제2023-01075호,00:00.0,00:00.0,,,Y
17995,,좋은날정육점,3070000,성북구,501,식육즉석판매가공업,50101,정육점,정해정,19,우리동네 모범정육점,2023-12-19,Y,Y,,37.618661,127.0489451,02-951-2232,,,"서울특별시 성북구 돌곶이로40길46,상가6동104호",서울 제2023-01068호,00:00.0,00:00.0,,,Y
17994,,축협 축산물,3070000,성북구,501,식육즉석판매가공업,50101,정육점,김선주,19,우리동네 모범정육점,2023-12-19,Y,Y,,37.6102138,127.0517483,02-942-6564,,,서울특별시 성북구 돌곶이로27길78,서울 제2023-01067호,00:00.0,00:00.0,,,Y
17988,,한라축산,3010000,중구,501,식육즉석판매가공업,50101,정육점,김기수,19,우리동네 모범정육점,2023-12-19,Y,Y,,37.554835,126.9657789,,,,"서울특별시 중구 만리재로 177, 105호",서울 제2023-01061호,00:00.0,00:00.0,,,Y
17986,,정(情)육점,3110000,은평구,501,식육즉석판매가공업,50101,정육점,이상민,19,우리동네 모범정육점,2023-12-19,Y,Y,,37.5987555,126.9318436,02-353-1125,,,"서울특별시 은평구 은평로 220, 상가B동 103호",서울 제2023-01059호,00:00.0,00:00.0,,,Y
18001,,축산사랑,3010000,중구,502,식육판매업,50201,정육점,나준영,19,우리동네 모범정육점,2023-12-19,Y,Y,,37.5630149,127.0194537,02-2236-9288,,,"서울특별시 중구 퇴계로86가길 5, 1층",서울 제2023-01074호,00:00.0,00:00.0,,,Y
14606,,싱싱정육점,3150000,강서구,501,식육즉석판매가공업,50101,정육점,장영섭,19,우리동네 모범정육점,2023-07-06,Y,Y,,37.5717992,126.821308,02-2663-8028,,,"서울특별시 강서구 양천로28길 29, 상가동 1층(방화동, 방화2차우림루미아트아파트)",서울 제2023-01037호,00:00.0,00:00.0,,,Y
14605,,유진정육점,3150000,강서구,502,식육판매업,50201,정육점,황재천,19,우리동네 모범정육점,2023-07-06,Y,Y,,37.5316611,126.847539,02-2697-9740,,,서울특별시 강서구 강서로12길 9 (화곡동),서울 제2023-01036호,00:00.0,00:00.0,,,Y
14609,,경동축산,3050000,동대문구,502,식육판매업,50201,정육점,정순모,19,우리동네 모범정육점,2023-07-06,Y,Y,,37.5808865,127.038754,02-965-1011,,,서울특별시 동대문구 고산자로 464(제기동),서울 제2023-01040호,00:00.0,00:00.0,,,Y
14599,,풍성,3060000,중랑구,502,식육판매업,50201,정육점,윤현자,19,우리동네 모범정육점,2023-07-06,Y,Y,,37.5902625,127.093775,02-434-5594,,,서울특별시 중랑구 상봉로 48 (망우동),서울 제2023-01030호,00:00.0,00:00.0,,,Y
14600,,먹골축산,3060000,중랑구,502,식육판매업,50201,정육점,박청용,19,우리동네 모범정육점,2023-07-06,Y,Y,,37.6117538,127.077186,,,,"서울특별시 중랑구 동일로 911, 신한은행 (묵동)",서울 제2023-01031호,00:00.0,00:00.0,,,Y
14601,,행복한한우마을,3060000,중랑구,502,식육판매업,50201,정육점,이수미,19,우리동네 모범정육점,2023-07-06,Y,Y,,37.6159687,127.079784,,,,"서울특별시 중랑구 숙선옹주로3길 35, 지하1층 103호 (묵동) ",서울 제2023-01032호,00:00.0,00:00.0,,,Y
14610,,우리축산,3030000,성동구,502,식육판매업,50201,정육점,이명만,19,우리동네 모범정육점,2023-07-06,Y,Y,,37.5534649,127.019524,02-2253-5249,,,"서울특별시 성동구 금호산길 60, 1층(금호동2가)",서울 제2023-01041호,00:00.0,00:00.0,,,Y
14577,,영천(푸와주),3070000,성북구,502,식육판매업,50201,정육점,유재춘,19,우리동네 모범정육점,2023-07-06,Y,Y,,37.6025697,127.011563,02-915-3509,,,서울특별시 성북구 아리랑로19길 34 (정릉동),서울 제2023-01008호,00:00.0,00:00.0,,,Y
14594,,한농축산,3080000,강북구,501,식육즉석판매가공업,50101,정육점,이종철,19,우리동네 모범정육점,2023-07-06,Y,Y,,37.6362568,127.017051,02-906-3479,,,서울특별시 강북구 삼양로 367,서울 제2023-01025호,00:00.0,00:00.0,,,Y
14595,,황우축산,3080000,강북구,501,식육즉석판매가공업,50101,정육점,홍정숙,19,우리동네 모범정육점,2023-07-06,Y,Y,,37.6431404,127.01643,02-906-9948,,,"서울특별시 강북구 삼양로 446 (수유동), 1층",서울 제2023-01026호,00:00.0,00:00.0,,,Y
14608,,성대지마트,3190000,동작구,501,식육즉석판매가공업,50101,정육점,이병창,19,우리동네 모범정육점,2023-07-06,N,N,,37.4998546,126.932025,02-827-0708,,,"서울특별시 동작구 상도로 102, 1층 (상도동)",서울 제2023-01039호,00:00.0,00:00.0,,,N
14604,,삼성정육점,3020000,용산구,502,식육판매업,50201,정육점,손영자,19,우리동네 모범정육점,2023-07-06,Y,Y,,37.5258999,126.967444,02-795-1998,,,서울특별시 용산구 서빙고로 17 103동 C몰 130호,서울 제2023-01035호,00:00.0,00:00.0,,,Y
14592,,다올정육,3090000,도봉구,502,식육판매업,50201,정육점,지성희,19,우리동네 모범정육점,2023-07-06,Y,Y,,37.6590466,127.039008,02-998-0817,,,"서울특별시 도봉구 도봉로135길 25, 101호",서울 제2023-01023호,00:00.0,00:00.0,,,Y
14593,,신창축산물직거래장터,3090000,도봉구,501,식육즉석판매가공업,50101,정육점,윤희영,19,우리동네 모범정육점,2023-07-06,Y,Y,,37.637351,127.039144,02-994-7323,,,"서울특별시 도봉구 우이천로4다길 82, 1층",서울 제2023-01024호,00:00.0,00:00.0,,,Y
14607,,푸른목장,3190000,동작구,502,식육판매업,50201,정육점,송봉규,19,우리동네 모범정육점,2023-07-06,Y,Y,,37.4998546,126.932025,02-822-6310,,,"서울특별시 동작구 상도로 102, 성대시장 1층 (상도동)",서울 제2023-01038호,00:00.0,00:00.0,,,Y
14570,,박서방네,3240000,강동구,501,식육즉석판매가공업,50101,정육점,박두연,19,우리동네 모범정육점,2023-07-06,Y,Y,,37.5282455,127.133566,02-485-4945,,,"서울특별시 강동구 풍성로 54길 27, 1층 (성내동)",서울 제2023-01001호,00:00.0,00:00.0,,,Y
14602,,잘생긴 정육점,3100000,노원구,501,식육즉석판매가공업,50101,정육점,최성열,19,우리동네 모범정육점,2023-07-06,Y,Y,,37.621526,127.082407,02-971-7562,,,"서울특별시 노원구 노원로1나길 15, 1층 103호(공릉동)",서울 제2023-01033호,00:00.0,00:00.0,,,Y
14603,,바른정육점,3100000,노원구,501,식육즉석판매가공업,50101,정육점,권현정,19,우리동네 모범정육점,2023-07-06,Y,Y,,37.6257522,127.081573,02-976-9292,,,"서울특별시 노원구 공릉로34길 86, 상가동 지하1층 104-1호(공릉동, 태릉헤링턴플레이스)",서울 제2023-01034호,00:00.0,00:00.0,,,Y
14576,,총각네푸줏간,3100000,노원구,501,식육즉석판매가공업,50101,정육점,차승헌,19,우리동네 모범정육점,2023-07-06,Y,Y,,37.6302801,127.057301,,,,"서울특별시 노원구 초안산로 2라길 26, 상가동 1층 112-2호(월계동, 월계센트럴아이파크아파트)",서울 제2023-01007호,00:00.0,00:00.0,,,Y
14590,,㈜조현(중계지점),3100000,노원구,501,식육즉석판매가공업,50101,정육점,조봉현,19,우리동네 모범정육점,2023-07-06,N,N,,37.6620381,127.076195,,,,"서울특별시 노원구 덕릉로94길 6, 102동 지하층 6호(중계동, 경남아너스빌)",서울 제2023-01021호,00:00.0,00:00.0,,,N
14581,,청구일등축산,3010000,중구,501,식육즉석판매가공업,50101,정육점,김대록,19,우리동네 모범정육점,2023-07-06,Y,Y,,37.5597005,127.013685,,,,"서울특별시 중구 다산로 184, 1층(신당동)",서울 제2023-01012호,00:00.0,00:00.0,,,Y
14578,,신당고기백화점,3010000,중구,502,식육판매업,50201,정육점,홍두원,19,우리동네 모범정육점,2023-07-06,Y,Y,,37.56089,127.01149,2237-2515,,,"서울특별시 중구 청구로 97, 1층(신당동)",서울 제2023-01009호,00:00.0,00:00.0,,,Y
14582,,충남정육점,3010000,중구,502,식육판매업,50201,정육점,김원종,19,우리동네 모범정육점,2023-07-06,Y,Y,,37.5669887,127.019493,02-2235-2093,,,"서울특별시 중구 퇴계로85길 27, 1층(황학동)",서울 제2023-01013호,00:00.0,00:00.0,,,Y
14598,,오늘의 정육점,3120000,서대문구,501,식육즉석판매가공업,50101,정육점,윤석민,19,우리동네 모범정육점,2023-07-06,Y,Y,,37.5782144,126.918458,,,,"서울특별시 서대문구 거북골로 84, 상가2동 1층 106호",서울 제2023-01029호,00:00.0,00:00.0,,,Y
14611,,우성축산물센터,3000000,종로구,502,식육판매업,50201,정육점,강삼재,19,우리동네 모범정육점,2023-07-06,Y,Y,,37.6064185,126.958359,02-352-4870,,,서울특별시 종로구 진흥로22길 11 (구기동),서울 제2023-01042호,00:00.0,00:00.0,,,Y
14612,,충남정육점,3000000,종로구,502,식육판매업,50201,정육점,문형신,19,우리동네 모범정육점,2023-07-06,Y,Y,,37.5795578,126.984843,02-763-2898,,,서울특별시 종로구 북촌로 31,서울 제2023-01043호,00:00.0,00:00.0,,,Y
14596,,우리고기백화점,3050000,동대문구,501,식육즉석판매가공업,50101,정육점,권태성,19,우리동네 모범정육점,2023-07-06,Y,Y,,37.5777172,127.056208,02-3394-9279,,,"서울특별시 동대문구 전농로15길 21(전농동) 남동 20호~23호, 38호, 39호",서울 제2023-01027호,00:00.0,00:00.0,,,Y
14585,,대박축산,3200000,관악구,501,식육즉석판매가공업,50101,정육점,최미경,19,우리동네 모범정육점,2023-07-06,Y,Y,,37.4887412,126.925376,,,,"서울특별시 관악구 관천로22길 54, 1층 (신림동)",서울 제2023-01016호,00:00.0,00:00.0,,,Y
14583,,애우축산,3200000,관악구,501,식육즉석판매가공업,50101,정육점,권혁남,19,우리동네 모범정육점,2023-07-06,Y,Y,,37.4791137,126.932282,,,,"서울특별시 관악구 신림로48가길 1, 드림하우스 1층 (신림동)",서울 제2023-01014호,00:00.0,00:00.0,,,Y
14584,,토방한우마을,3200000,관악구,501,식육즉석판매가공업,50101,정육점,고창환,19,우리동네 모범정육점,2023-07-06,Y,Y,,37.4821563,126.927711,,,,서울특별시 관악구 관천로 27 (신림동),서울 제2023-01015호,00:00.0,00:00.0,,,Y
14586,,이레축산(봄이레),3200000,관악구,501,식육즉석판매가공업,50101,정육점,김효진,19,우리동네 모범정육점,2023-07-06,Y,Y,,37.4637162,126.919241,,,,"서울특별시 관악구 난곡로 94, 1층 (신림동)",서울 제2023-01017호,00:00.0,00:00.0,,,Y
14597,,축산사랑,3110000,은평구,501,식육즉석판매가공업,50101,정육점,유영성,19,우리동네 모범정육점,2023-07-06,Y,Y,,37.6165063,126.93254,,,,서울특별시 은평구 불광로109,서울 제2023-01028호,00:00.0,00:00.0,,,Y
14571,,조원1등 축산,3200000,관악구,501,식육즉석판매가공업,50101,정육점,김수환,19,우리동네 모범정육점,2023-07-06,N,N,,37.4825904,126.904895,,,,"서울특별시 관악구 조원로4길 21, 101호 (신림동)",서울 제2023-01002호,00:00.0,00:00.0,,,N
14591,,가자축산,3180000,영등포구,501,식육즉석판매가공업,50101,정육점,노재호,19,우리동네 모범정육점,2023-07-06,Y,Y,,37.5137383,126.905262,02-832-6465,,,"서울특별시 영등포구 영신로19길 24-1, 제이엠빌딩 1층 (영등포동)",서울 제2023-01022호,00:00.0,00:00.0,,,Y
14589,,선일,3180000,영등포구,502,식육판매업,50201,정육점,이병학,19,우리동네 모범정육점,2023-07-06,Y,Y,,37.49643,126.905171,02-832-8900,,,서울특별시 영등포구 도림로64가길 2 (대림동),서울 제2023-01020호,00:00.0,00:00.0,,,Y
14575,,㈜아울렛마트,3170000,금천구,501,식육즉석판매가공업,50101,정육점,김창남,19,우리동네 모범정육점,2023-07-06,Y,Y,,37.4605889,126.906189,,,,서울특별시 금천구 독산로40길 29,서울 제2023-01006호,00:00.0,00:00.0,,,Y
14574,,금천외양간,3170000,금천구,501,식육즉석판매가공업,50101,정육점,이현호,19,우리동네 모범정육점,2023-07-06,Y,Y,,37.4654693,126.902487,,,,서울특별시 금천구 독산로204,서울 제2023-01005호,00:00.0,00:00.0,,,Y
14572,,광명축산,3170000,금천구,502,식육판매업,50201,정육점,김철진,19,우리동네 모범정육점,2023-07-06,Y,Y,,37.4736491,126.900871,,,,서울특별시 금천구 시흥대로144길 27,서울 제2023-01003호,00:00.0,00:00.0,,,Y
14573,,농장정육점,3170000,금천구,502,식육판매업,50201,정육점,신영수,19,우리동네 모범정육점,2023-07-06,Y,Y,,37.4685425,126.903398,,,,서울특별시 금천구 독산로74길 18 (독산동 1021-2),서울 제2023-01004호,00:00.0,00:00.0,,,Y
14579,,축산명가,3160000,구로구,502,식육판매업,50201,정육점,정정금,19,우리동네 모범정육점,2023-07-06,Y,Y,,37.5032034,126.851273,,,,"서울특별시 구로구 고척로 156, 1층 5호 (고척동)",서울 제2023-01010호,00:00.0,00:00.0,,,Y
14588,,신영 축산물직거래장터,3140000,양천구,502,식육판매업,50201,정육점,"박이슬, 김진옥",19,우리동네 모범정육점,2023-07-06,Y,Y,,37.5331134,126.835464,,,,서울특별시 양천구 곰달래로13길 39(신월동),서울 제2023-01019호,00:00.0,00:00.0,,,Y
14587,,고기샵정육점,3140000,양천구,501,식육즉석판매가공업,50101,정육점,김춘식,19,우리동네 모범정육점,2023-07-06,Y,Y,,37.5202702,126.860096,,,,"서울특별시 양천구 은행정로 6, 1층 (신정동)",서울 제2023-01018호,00:00.0,00:00.0,,,Y
14580,,럭셔리한우축산,3160000,구로구,502,식육판매업,50201,정육점,하헌재,19,우리동네 모범정육점,2023-07-06,Y,Y,,37.4863305,126.853501,,,,서울특별시 구로구 개봉로3길 50 (개봉동),서울 제2023-01011호,00:00.0,00:00.0,,,Y
12977,,한국사찰음식문화체험관,3000000,종로구,,,,,,17,식생활체험공간,2021-12-23,Y,Y,,37.57618254,126.9837279,02-733-4650,,,"서울특별시 종로구 율곡로 39, 안국빌딩 신관 2층",,42:17.0,42:17.0,,,N
12973,,가락몰 쿠킹스튜디오,3230000,송파구,,,,,,17,식생활체험공간,2021-12-23,Y,Y,,37.49319828,127.1123367,02-3435-0223,,,"서울특별시 송파구 양재대로 932, 가락몰 업무동 4층",,42:17.0,42:17.0,,,N
12979,,뮤지엄김치간,3000000,종로구,,,,,,17,식생활체험공간,2021-12-23,Y,Y,,37.57382158,126.9848535,02-6002-6456,,,"서울특별시 종로구 인사동길 35-4, 4~6층",,42:17.0,42:17.0,,,N
12978,,한살림요리공간,3000000,종로구,,,,,,17,식생활체험공간,2021-12-23,Y,Y,,37.57148858,126.971497,02-3498-3762,,,서울특별시 종로구 경희궁길 15 지하1층,,42:17.0,42:17.0,,,N
12986,,전통주갤러리,3000000,종로구,,,,,,17,식생활체험공간,2021-12-23,Y,Y,,37.57855265,126.9857677,02-555-2283,,,서울특별시 종로구 북촌로 18,,42:17.0,42:17.0,,,N
12984,,식품명인체험홍보관,3000000,종로구,,,,,,17,식생활체험공간,2021-12-23,Y,Y,,37.57859,126.98575,0507-1404-6874,,,서울특별시 종로구 북촌로 18,,42:17.0,42:17.0,,,N
12983,,떡박물관 ,3000000,종로구,,,,,,17,식생활체험공간,2021-12-23,Y,Y,,37.57505335,126.9906025,02-741-5447,,,서울특별시 종로구 돈화문로 71,,42:17.0,42:17.0,,,N
12982,,한국전통주연구소,3000000,종로구,,,,,,17,식생활체험공간,2021-12-23,Y,Y,,37.58179034,126.9711834,02-389-8611,,,"서울특별시 종로구 지하문로 62(효자동 25), 3층",,42:17.0,42:17.0,,,N
12981,,궁중음식연구원,3000000,종로구,,,,,,17,식생활체험공간,2021-12-23,Y,Y,,37.58369672,126.989235,02-3673-1122,,,서울특별시 종로구？창덕궁5길？16(원서동),,42:17.0,42:17.0,,,N
12972,,상생상회,3000000,종로구,,,,,,17,식생활체험공간,2021-12-23,Y,Y,,37.57627608,126.9838459,02-738-1010,,,"서울특별시 종로구 율곡로 39, 안국빌딩 신관 1층, 지하1층",,42:17.0,42:17.0,,,N
12974,,한식문화관,3000000,종로구,,,,,,17,식생활체험공간,2021-12-23,Y,Y,,37.56876329,126.9817936,02-6053-7177,,,서울특별시 종로구 북촌로 18,,42:17.0,42:17.0,,,N
12987,,한국가양주연구소,3210000,서초구,,,,,,17,식생활체험공간,2021-12-23,Y,Y,,37.48151307,126.9993164,02-583-5225,,,서울특별시 서초구 효령로 34길7 4층,,42:17.0,42:17.0,,,N
12976,,쌀박물관,3010000,중구,,,,,,17,식생활체험공간,2021-12-23,Y,Y,,37.56670412,126.9678146,02-2080-5684,,,서울특별시 중구 새문안로 16,,42:17.0,42:17.0,,,N
12980,,샘표 우리맛공간,3010000,중구,,,,,,17,식생활체험공간,2021-12-23,Y,Y,,37.56151472,126.9934605,02-3393-5919,,,"서울특별시 중구 충무로 2, 1층",,42:17.0,42:17.0,,,N
12985,,막걸리학교,3010000,중구,,,,,,17,식생활체험공간,2021-12-23,Y,Y,,37.55866119,126.9856314,02-722-3337,,,서울특별시 중구 퇴계로 20나길 9,,42:17.0,42:17.0,,,N
12975,,맛동,3110000,은평구,,,,,,17,식생활체험공간,2021-12-23,Y,Y,,37.60953826,126.9348722,070-4285-3981,,,서울특별시 은평구 통일로 684 서울혁신파크 맛동(16동),,42:17.0,42:17.0,,,N
12971,,농협 서울지역본부 직거래장터,3240000,강동구,,,,,,16,농부시장,2021-12-23,Y,Y,,37.52932265,127.120413,02-2224-8097,,,"서울특별시 강동구 올림픽로 528, 농협중앙회 서울지역본부 앞",,41:18.0,41:18.0,,,N
12970,,우리농 명동 보름장,3010000,중구,,,,,,16,농부시장,2021-12-23,Y,Y,,37.56438895,126.9871753,02-2636-2270,,,"서울특별시 중구 명동길 80, 가톨릭회관 앞",,41:18.0,41:18.0,,,N
12969,,은평 꽃피는 장날,3110000,은평구,,,,,,16,농부시장,2021-12-23,Y,Y,,37.60119073,126.9354754,02-355-7913,,,"서울특별시 은평구 은평로 245, 녹번역 4번출구",,41:13.0,41:13.0,,,N
12963,,서울시 농부의 시장,3130000,마포구,,,,,,16,농부시장,2021-12-23,Y,Y,,37.58145597,126.8911102,02-2133-4466,,,"서울특별시 마포구 성암로 267, 상암 MBC 앞",,41:12.0,41:12.0,,,N
12966,,마르쉐@농부시장,3000000,종로구,,,,,,16,농부시장,2021-12-23,Y,Y,,37.58104522,127.0023858,,,,"서울특별시 종로구 대학로8길 1, 마로니에 공원",,41:12.0,41:12.0,,,N
12962,,얼굴있는농부시장(얼장),3010000,중구,,,,,,16,농부시장,2021-12-23,Y,Y,,37.5669902,127.0101046,070-4205-1233,,,서울특별시 중구 을지로 281,,41:12.0,41:12.0,,,N
12965,,서울시 농부의 시장,3040000,광진구,,,,,,16,농부시장,2021-12-23,Y,Y,,37.54951609,127.0818662,02-2133-4466,,,"서울특별시 광진구 능동로 216, 서울어린이대공원 후문",,41:12.0,41:12.0,,,N
12967,,마들장,3100000,노원구,,,,,,16,농부시장,2021-12-23,Y,Y,,37.64065869,127.0671405,02-3392-4910,,,"서울특별시 노원구 중계동 508, 등나무 근린공원",,41:12.0,41:12.0,,,N
12964,,서울시 농부의 시장,3010000,중구,,,,,,16,농부시장,2021-12-23,Y,Y,,37.55550973,126.9685383,02-2133-4466,,,"서울특별시 중구 만리동1가, 만리동광장",,41:12.0,41:12.0,,,N
12968,,강동 도토리장터,3240000,강동구,,,,,,16,농부시장,2021-12-23,Y,Y,,37.55372224,127.1576253,02-3425-6563,,,"서울특별시 강동구 동남로 888, 강동경희대학교병원",,41:12.0,41:12.0,,,N
12927,,자연드림 공덕아현점,3130000,마포구,,,,,,15,친환경유기농식품판매점,2021-12-23,Y,Y,,37.5506425,126.9521884,02-715-1220,,,서울특별시 마포구 마포대로 173-15 래미안공덕5차 제상가동 108~110호,,40:19.0,40:19.0,,,N
12956,,행복중심생협 용산매장,3020000,용산구,,,,,,15,친환경유기농식품판매점,2021-12-23,Y,Y,,37.5419973,126.9619052,02-713-0615,,,서울특별시 용산구 효창원로157 (효창동 5-495 효창맨션 1층),,40:19.0,40:19.0,,,N
12944,,자연드림 용산이촌점,3020000,용산구,,,,,,15,친환경유기농식품판매점,2021-12-23,Y,Y,,37.520417,126.9701004,02-749-2341,,,서울특별시 용산구 이촌로64길 14 1층,,40:19.0,40:19.0,,,N
12948,,행복중심생협 창동매장,3090000,도봉구,,,,,,15,친환경유기농식품판매점,2021-12-23,Y,Y,,37.6532037,127.0452522,02-900-9958,,,서울특별시 도봉구 노해로63가길 12 102호(창4동 성당 입구),,40:19.0,40:19.0,,,N
12937,,자연드림 서울쌍문점,3090000,도봉구,,,,,,15,친환경유기농식품판매점,2021-12-23,Y,Y,,37.6586684,127.0347327,02-900-8922,,,서울특별시 도봉구 도당로 7 ,,40:19.0,40:19.0,,,N
12946,,행복중심생협 방학매장,3090000,도봉구,,,,,,15,친환경유기농식품판매점,2021-12-23,Y,Y,,37.6623774,127.0288476,02-3492-9999,,,서울특별시 도봉구 방학로 210 신동아타워 상가 108호,,40:19.0,40:19.0,,,N
12936,,자연드림 서울신서점,3140000,양천구,,,,,,15,친환경유기농식품판매점,2021-12-23,Y,Y,,37.5207321,126.861145,02-2061-0822,,,서울특별시 양천구 신월로38길 14 1층,,40:19.0,40:19.0,,,N
12930,,자연드림 금천시흥점,3170000,금천구,,,,,,15,친환경유기농식품판매점,2021-12-23,Y,Y,,37.4498687,126.9121856,02-803-3335,,,서울특별시 금천구 금하로28길 4 신용빌딩 1층,,40:19.0,40:19.0,,,N
12940,,자연드림 송파오금점,3230000,송파구,,,,,,15,친환경유기농식품판매점,2021-12-23,Y,Y,,37.5065306,127.1301654,02-6933-5670,,,서울특별시 송파구 마천로 92 안국빌딩 1층 (오금동),,40:19.0,40:19.0,,,N
12935,,자연드림 서울신내점,3060000,중랑구,,,,,,15,친환경유기농식품판매점,2021-12-23,Y,Y,,37.6066671,127.1005277,02-496-8310,,,서울특별시 중랑구 용마산로 623 삼부그린스포츠센터 1층 (신내동),,40:19.0,40:19.0,,,N
12920,,한살림 금천시흥매장,3170000,금천구,,,,,,15,친환경유기농식품판매점,2021-12-23,Y,Y,,37.4469414,126.9025653,02-891-9922,,,서울특별시 금천구 시흥대로39길 11(시흥동),,40:19.0,40:19.0,,,N
12942,,자연드림 양천목4동점,3140000,양천구,,,,,,15,친환경유기농식품판매점,2021-12-23,Y,Y,,37.5349205,126.8692795,02-2061-2112,,,서울특별시 양천구 목동중앙남로 3 선훈ING빌딩 1층,,40:19.0,40:19.0,,,N
12934,,자연드림 서울북가좌점,3120000,서대문구,,,,,,15,친환경유기농식품판매점,2021-12-23,Y,Y,,37.5763509,126.914503,02-304-7924,,,서울특별시 서대문구 거북골로14길 32 가재울아이파크아파트 제상가동 101-102호,,40:19.0,40:19.0,,,N
12955,,행복중심생협 북가좌매장,3120000,서대문구,,,,,,15,친환경유기농식품판매점,2021-12-23,Y,Y,,37.5740872,126.909385,02-304-8704,,,서울특별시 서대문구 수색로 100 DMC래미안 이편한세상 상가 102동 6호,,40:19.0,40:19.0,,,N
12945,,자연드림 은평뉴타운점,3110000,은평구,,,,,,15,친환경유기농식품판매점,2021-12-23,Y,Y,,37.6379641,126.9363811,02-356-8605,,,서울특별시 은평구 연서로48길 11 은평뉴타운제각말 1층,,40:19.0,40:19.0,,,N
12959,,행복중심생협 서대문매장,3120000,서대문구,,,,,,15,친환경유기농식품판매점,2021-12-23,Y,Y,,37.5743108,126.921959,02-305-7072,,,서울특별시 서대문구 가재울로 25,,40:19.0,40:19.0,,,N
12960,,행복중심생협 광진매장,3040000,광진구,,,,,,15,친환경유기농식품판매점,2021-12-23,Y,Y,,37.5629868,127.0809165,02-455-9390,,,서울특별시 광진구 긴고랑로41 1층 (중곡동 241-17),,40:19.0,40:19.0,,,N
12921,,한살림 광화문매장,3000000,종로구,,,,,,15,친환경유기농식품판매점,2021-12-23,Y,Y,,37.5713112,126.9715395,02-739-7741,,,서울특별시 종로구 경희궁길 15 1층,,40:19.0,40:19.0,,,N
12943,,자연드림 양천신정점,3140000,양천구,,,,,,15,친환경유기농식품판매점,2021-12-23,Y,Y,,37.5179142,126.8707692,02-2061-0027,,,서울특별시 양천구 목동동로8길 9 명신빌딩 1층,,40:19.0,40:19.0,,,N
12939,,자연드림 성북길음점,3070000,성북구,,,,,,15,친환경유기농식품판매점,2021-12-23,Y,Y,,37.6058393,127.0203189,02-919-8004,,,서울특별시 성북구 길음로9길 40 레미안 1차 108동 맞은 편 상가 1층,,40:19.0,40:19.0,,,N
12950,,행복중심생협 목동매장,3140000,양천구,,,,,,15,친환경유기농식품판매점,2021-12-23,Y,Y,,37.5373005,126.8760212,02-2643-6077,,,서울특별시 양천구 목6동 목동서로 70 목동아파트2단지 내 관리동상가 102호,,40:19.0,40:19.0,,,N
12928,,자연드림 광진구의점,3040000,광진구,,,,,,15,친환경유기농식품판매점,2021-12-23,Y,Y,,37.5403901,127.0939467,02-456-7402,,,서울특별시 광진구 아차산로 471 CS PLAZA 1층,,40:19.0,40:19.0,,,N
12957,,행복중심생협 아현매장,3130000,마포구,,,,,,15,친환경유기농식품판매점,2021-12-23,Y,Y,,37.5553693,126.9538086,02-365-0615,,,서울특별시 마포구 마포대로 195 마포래미안푸르지오 상가4동 111호,,40:19.0,40:19.0,,,N
12924,,자연드림 강서등촌점,3150000,강서구,,,,,,15,친환경유기농식품판매점,2021-12-23,Y,Y,,37.5589158,126.8442432,02-2661-0561,,,서울특별시 강서구 강서로56길 100 1층,,40:19.0,40:19.0,,,N
12925,,자연드림 강서방화점,3150000,강서구,,,,,,15,친환경유기농식품판매점,2021-12-23,Y,Y,,37.5710418,126.8113975,02-2661-0564,,,서울특별시 강서구 금낭화로 63 용성빌딩 1층,,40:19.0,40:19.0,,,N
12951,,행복중심생협 방화매장,3150000,강서구,,,,,,15,친환경유기농식품판매점,2021-12-23,Y,Y,,37.5783086,126.8109536,02-2662-6088,,,서울특별시 강서구 금낭화로23길 25 6단지상가 105호,,40:19.0,40:19.0,,,N
12952,,행복중심생협 신정매장,3140000,양천구,,,,,,15,친환경유기농식품판매점,2021-12-23,Y,Y,,37.5164641,126.8633139,02-2643-6060,,,서울특별시 양천구 목동서로 367 양천문화회관 지하 1층,,40:19.0,40:19.0,,,N
12954,,행복중심생협 낙성대매장,3200000,관악구,,,,,,15,친환경유기농식품판매점,2021-12-23,Y,Y,,37.4791538,126.9572803,02-883-8703,,,서울특별시 관악구 남부순환로234길 6 (봉천동 1664-15 1층),,40:19.0,40:19.0,,,N
12938,,자연드림 성공회대점,3160000,구로구,,,,,,15,친환경유기농식품판매점,2021-12-23,Y,Y,,37.4874977,126.8257373,02-2686-0044,,,서울특별시 구로구 연동로 320 성공회대학교,,40:19.0,40:19.0,,,N
12929,,자연드림 구로신도림점,3160000,구로구,,,,,,15,친환경유기농식품판매점,2021-12-23,Y,Y,,37.5095723,126.8851691,02-2633-2124,,,서울특별시 구로구 경인로65길 44 보미플라자 112-115호,,40:19.0,40:19.0,,,N
12926,,자연드림 고척개봉점,3160000,구로구,,,,,,15,친환경유기농식품판매점,2021-12-23,Y,Y,,37.5041125,126.8606737,02-2135-2124,,,서울특별시 구로구 경서로 81 현대빌딩 1층(고척동),,40:19.0,40:19.0,,,N
12923,,자연드림 강동명일점,3240000,강동구,,,,,,15,친환경유기농식품판매점,2021-12-23,Y,Y,,37.5523508,127.155222,02-3427-5116,,,서울특별시 강동구 동남로71길 20-10 1층,,40:19.0,40:19.0,,,N
12933,,자연드림 서울관악점,3200000,관악구,,,,,,15,친환경유기농식품판매점,2021-12-23,Y,Y,,37.4870491,126.9443253,02-883-4561,,,서울특별시 관악구 은천로 81 1층,,40:19.0,40:19.0,,,N
12953,,행복중심생협 개포매장,3220000,강남구,,,,,,15,친환경유기농식품판매점,2021-12-23,Y,Y,,37.4875716,127.0686,02-445-8703,,,서울특별시 강남구 삼성로4길 17 개포주공5단지 상가 101호(505동앞),,40:19.0,40:19.0,,,N
12941,,자연드림 송파잠실점,3230000,송파구,,,,,,15,친환경유기농식품판매점,2021-12-23,Y,Y,,37.5069929,127.0898715,02-3432-9505,,,서울특별시 송파구 삼전로 95 태성빌딩 1층,,40:19.0,40:19.0,,,N
12922,,자연드림 강남대치점,3220000,강남구,,,,,,15,친환경유기농식품판매점,2021-12-23,Y,Y,,37.4995464,127.0674334,02-3453-6110,,,서울특별시 강남구 영동대로 229 메디다스벤처타운 1층,,40:19.0,40:19.0,,,N
12961,,행복중심생협 양천매장,3140000,양천구,,,,,,15,친환경유기농식품판매점,2021-12-23,Y,Y,,37.5180826,126.8723617,02-2655-1882,,,서울특별시 양천구 목동동로10길16-23(신정2동 144-35),,40:19.0,40:19.0,,,N
12932,,자연드림 목동파리공원점,3140000,양천구,,,,,,15,친환경유기농식품판매점,2021-12-23,Y,Y,,37.5357907,126.8802304,02-2061-0090,,,서울특별시 양천구 목동동로 391 현대파크빌아파트 상가,,40:19.0,40:19.0,,,N
12958,,행복중심생협 당산매장(농도생협),3180000,영등포구,,,,,,15,친환경유기농식품판매점,2021-12-23,Y,Y,,37.5286847,126.9065279,02-2637-6237,,,서울특별시 영등포구 버드나루로23길24(당산동 171-40),,40:19.0,40:19.0,,,N
12931,,자연드림 노원중계점,3100000,노원구,,,,,,15,친환경유기농식품판매점,2021-12-23,Y,Y,,37.6573093,127.0742584,02-6929-3801,,,서울특별시 노원구 한글비석로15길 19 지영빌딩 1층,,40:19.0,40:19.0,,,N
12947,,행복중심생협 중계매장,3100000,노원구,,,,,,15,친환경유기농식품판매점,2021-12-23,Y,Y,,37.6485438,127.0744465,03-934-7999,,,서울특별시 노원구 노원로 22길 71 건영아파트제상가동 1층 126호,,40:19.0,40:19.0,,,N
12949,,행복중심생협 공릉매장,3100000,노원구,,,,,,15,친환경유기농식품판매점,2021-12-23,Y,Y,,37.6229735,127.0803371,02-975-7145,,,서울특별시 노원구 공릉로 34길 23,,40:19.0,40:19.0,,,N
12910,,한살림 자곡매장,3220000,강남구,,,,,,15,친환경유기농식품판매점,2021-12-23,Y,Y,,37.4736204,127.103176,02-451-7171,,,서울특별시 강남구 자곡로 180 강남유탑유블레스 1층 (자곡동 651),,40:18.0,40:18.0,,,N
12904,,한살림 역삼매장,3220000,강남구,,,,,,15,친환경유기농식품판매점,2021-12-23,Y,Y,,37.4935638,127.0438164,02-508-8484,,,서울특별시 강남구？도곡로？229(역삼동),,40:18.0,40:18.0,,,N
12888,,한살림 상계매장,3100000,노원구,,,,,,15,친환경유기농식품판매점,2021-12-23,Y,Y,,37.6612106,127.0605638,02-951-5353,,,서울특별시 노원구 노원로 526 평화빌딩 1층,,40:18.0,40:18.0,,,N
12908,,한살림 이촌매장,3020000,용산구,,,,,,15,친환경유기농식품판매점,2021-12-23,Y,Y,,37.5178427,126.9776697,02-796-3400,,,서울특별시 용산구 이촌로88길 16(이촌동),,40:18.0,40:18.0,,,N
12884,,한살림 방학매장,3090000,도봉구,,,,,,15,친환경유기농식품판매점,2021-12-23,Y,Y,,37.6663739,127.0449022,02-3491-9944,,,"서울특별시 도봉구 도봉로150길 31 ESA아파트 상가 122, 113호",,40:18.0,40:18.0,,,N
12899,,한살림 쌍문매장,3090000,도봉구,,,,,,15,친환경유기농식품판매점,2021-12-23,Y,Y,,37.6589225,127.0283712,02-995-5883,,,서울특별시 도봉구 시루봉로6길 13 태선빌딩 1층,,40:18.0,40:18.0,,,N
12894,,한살림 송파매장,3230000,송파구,,,,,,15,친환경유기농식품판매점,2021-12-23,Y,Y,,37.5028635,127.1168395,02-3432-9700,,,서울특별시 송파구 송이로 27 1층,,40:18.0,40:18.0,,,N
12838,,서울북부두레생협 미아점,3080000,강북구,,,,,,15,친환경유기농식품판매점,2021-12-23,Y,Y,,37.6190438,127.018673,02-980-0450,,,서울특별시 강북구 삼양로27길 46 (미아동),,40:18.0,40:18.0,,,N
12881,,한살림 미아매장,3080000,강북구,,,,,,15,친환경유기농식품판매점,2021-12-23,Y,Y,,37.62022,127.01282,02-989-9984,,,"서울특별시 3080000 솔샘로 184, 제상가동 1동 제지1층 제비115호",,40:18.0,40:18.0,,,N
12871,,한살림 구파발매장,3110000,은평구,,,,,,15,친환경유기농식품판매점,2021-12-23,Y,Y,,37.6400515,126.9182224,02-358-4700,,,서울특별시 은평구 진관3로 15-35 은평뉴타운구파발 제1001동 103호,,40:18.0,40:18.0,,,N
12856,,은평두레생협 진관점,3110000,은평구,,,,,,15,친환경유기농식품판매점,2021-12-23,Y,Y,,37.6409281,126.9194901,02-352-6233,,,"서울특별시 은평구 진관3로 67, 909동 104호 (진관파출소 건너편)",,40:18.0,40:18.0,,,N
12858,,은평두레생협 녹번역점,3110000,은평구,,,,,,15,친환경유기농식품판매점,2021-12-23,Y,Y,,37.6010814,126.9349699,02-6010-6233,,,서울특별시 은평구 은평로 245 (녹번119안전센터 1층),,40:18.0,40:18.0,,,N
12857,,은평두레생협 백련산점,3110000,은평구,,,,,,15,친환경유기농식품판매점,2021-12-23,Y,Y,,37.5936522,126.9205703,02-6748-6233,,,"서울특별시 은평구 응암로22길 21, 1층",,40:18.0,40:18.0,,,N
12854,,은평두레생협 구산점,3110000,은평구,,,,,,15,친환경유기농식품판매점,2021-12-23,Y,Y,,37.6126574,126.9139755,02-385-6233,,,"서울특별시 은평구 서오릉로 175, 엘타워 102호",,40:18.0,40:18.0,,,N
12855,,은평두레생협 응암역점,3110000,은평구,,,,,,15,친환경유기농식품판매점,2021-12-23,Y,Y,,37.6000301,126.9155067,02-356-6233,,,"서울특별시 은평구 연서로 9, 센터폴리스 105호",,40:18.0,40:18.0,,,N
12863,,은평두레생협 녹번역점,3110000,은평구,,,,,,15,친환경유기농식품판매점,2021-12-23,Y,Y,,37.6010814,126.9349699,02-6010-6233,,,서울특별시 은평구 은평로 245 (녹번동),,40:18.0,40:18.0,,,N
12912,,한살림 잠실매장,3230000,송파구,,,,,,15,친환경유기농식품판매점,2021-12-23,Y,Y,,37.5053666,127.0834783,02-419-2271,,,서울특별시 송파구 백제고분로 150 (잠실동 314),,40:18.0,40:18.0,,,N
12864,,한살림 가락매장,3230000,송파구,,,,,,15,친환경유기농식품판매점,2021-12-23,Y,Y,,37.4926798,127.1311855,02-404-4205,,,서울특별시 송파구 오금로46길 68 1층,,40:18.0,40:18.0,,,N
12852,,성동두레생협 성동점,3030000,성동구,,,,,,15,친환경유기농식품판매점,2021-12-23,Y,Y,,37.5544399,127.0230633,02-2296-0466,,,서울특별시 성동구 금호로 140 (금호동1가),,40:18.0,40:18.0,,,N
12872,,한살림 금호매장,3030000,성동구,,,,,,15,친환경유기농식품판매점,2021-12-23,Y,Y,,37.5525071,127.0268798,02-2281-1155,,,서울특별시 성동구 금호로 100 금호벽산아파트 상가 1층,,40:18.0,40:18.0,,,N
12906,,한살림 왕십리매장,3030000,성동구,,,,,,15,친환경유기농식품판매점,2021-12-23,Y,Y,,37.5694201,127.0247468,02-2295-3500,,,서울특별시 성동구 마장로 137,,40:18.0,40:18.0,,,N
12873,,한살림 길음매장,3070000,성북구,,,,,,15,친환경유기농식품판매점,2021-12-23,Y,Y,,37.6069202,127.0191834,02-942-9933,,,서울특별시 성북구 길음로 33 삼성레미안8단지 상가 1층 11호,,40:18.0,40:18.0,,,N
12875,,한살림 돈암매장,3070000,성북구,,,,,,15,친환경유기농식품판매점,2021-12-23,Y,Y,,37.5956182,127.0155722,02-923-9088,,,서울특별시 성북구 아리랑로 31-1 상가1층,,40:18.0,40:18.0,,,N
12919,,한살림 마곡매장,3150000,강서구,,,,,,15,친환경유기농식품판매점,2021-12-23,Y,Y,,37.5667079,126.8185749,02-3663-8979,,,"서울특별시 강서구 마곡서1로 115-1 마곡헤리움 주상복합상가1층 101호, 102호",,40:18.0,40:18.0,,,N
12907,,한살림 우장산매장,3150000,강서구,,,,,,15,친환경유기농식품판매점,2021-12-23,Y,Y,,37.5473812,126.83676,02-2693-5700,,,서울특별시 강서구 강서로 242 강서힐스테이트 상가 1층,,40:18.0,40:18.0,,,N
12868,,한살림 고척매장,3160000,구로구,,,,,,15,친환경유기농식품판매점,2021-12-23,Y,Y,,37.5063465,126.8606171,02-2685-1400,,,"서울특별시 구로구 중앙로 100 연세사랑모아여성병원 106호, 107호",,40:18.0,40:18.0,,,N
12845,,서울남부두레생협 구로2호점,3160000,구로구,,,,,,15,친환경유기농식품판매점,2021-12-23,Y,Y,,37.5008804,126.8893359,02-838-5619,,,서울특별시 구로구 구로중앙로28길 73 (구로동),,40:18.0,40:18.0,,,N
12844,,서울남부두레생협 남구로점,3160000,구로구,,,,,,15,친환경유기농식품판매점,2021-12-23,Y,Y,,37.4865655,126.8896157,02-838-5615,,,서울특별시 구로구 도림로12길 27 (구로동),,40:18.0,40:18.0,,,N
12843,,아름다운두레생협 구로점,3160000,구로구,,,,,,15,친환경유기농식품판매점,2021-12-23,Y,Y,,37.5061264,126.8885795,02-862-2862,,,서울특별시 구로구 새말로 93 (구로동),,40:18.0,40:18.0,,,N
12839,,에코생협 강서점,3150000,강서구,,,,,,15,친환경유기농식품판매점,2021-12-23,Y,Y,,37.5550143,126.8378184,02-3663-6335,,,서울특별시 강서구 우장산로 5-7 (내발산동),,40:18.0,40:18.0,,,N
12865,,한살림 가양매장,3150000,강서구,,,,,,15,친환경유기농식품판매점,2021-12-23,Y,Y,,37.5577788,126.8607512,02-3661-7400,,,서울특별시 강서구 양천로 556 1층,,40:18.0,40:18.0,,,N
12840,,에코생협 화곡점,3150000,강서구,,,,,,15,친환경유기농식품판매점,2021-12-23,Y,Y,,37.5478529,126.8334256,02-2692-7117,,,서울특별시 강서구 강서로45길 49,,40:18.0,40:18.0,,,N
12879,,한살림 목동매장,3140000,양천구,,,,,,15,친환경유기농식품판매점,2021-12-23,Y,Y,,37.5321179,126.8767892,02-2653-6026,,,서울특별시 양천구 목동동로 339 목동트윈빌 상가 1층,,40:18.0,40:18.0,,,N
12896,,한살림 신정매장,3140000,양천구,,,,,,15,친환경유기농식품판매점,2021-12-23,Y,Y,,37.515523,126.860093,02-2645-3388,,,서울특별시 양천구 목동서로 397 대림아크로빌B동 112호,,40:18.0,40:18.0,,,N
12905,,한살림 오목교매장,3140000,양천구,,,,,,15,친환경유기농식품판매점,2021-12-23,Y,Y,,37.5246037,126.8692882,02-2653-7300,,,서울특별시 양천구 목동서로 256 1층,,40:18.0,40:18.0,,,N
12885,,한살림 보라매매장,3180000,영등포구,,,,,,15,친환경유기농식품판매점,2021-12-23,Y,Y,,37.4944135,126.9069938,02-844-7200,,,서울특별시 영등포구 신길로 29,,40:18.0,40:18.0,,,N
12903,,한살림 여의도매장,3180000,영등포구,,,,,,15,친환경유기농식품판매점,2021-12-23,Y,Y,,37.5174217,126.9271557,02-783-3600,,,서울특별시 영등포구 여의동로 97 1층 101호,,40:18.0,40:18.0,,,N
12880,,한살림 문래매장,3180000,영등포구,,,,,,15,친환경유기농식품판매점,2021-12-23,Y,Y,,37.5176486,126.8960443,02-2631-4200,,,"서울특별시 영등포구 당산로 34 로데오 쇼핑몰 157, 158호",,40:18.0,40:18.0,,,N
12866,,한살림 강일매장,3240000,강동구,,,,,,15,친환경유기농식품판매점,2021-12-23,Y,Y,,37.5569721,127.1728829,02-427-8833,,,"서울특별시 강동구 강일동 503 리엔프라자 102, 103호",,40:18.0,40:18.0,,,N
12901,,한살림 암사매장,3240000,강동구,,,,,,15,친환경유기농식품판매점,2021-12-23,Y,Y,,37.5549622,127.1375479,02-442-7500,,,서울특별시 강동구 고덕로 109 1층,,40:18.0,40:18.0,,,N
12842,,서울남부두레생협 보라매점,3200000,관악구,,,,,,15,친환경유기농식품판매점,2021-12-23,Y,Y,,37.4920314,126.9272702,02-873-4490,,,서울특별시 관악구 당곡길 74 (봉천동),,40:18.0,40:18.0,,,N
12886,,한살림 봉천매장,3200000,관악구,,,,,,15,친환경유기농식품판매점,2021-12-23,Y,Y,,37.4884935,126.946657,02-877-5999,,,서울특별시 관악구 양녕로 74 1층,,40:18.0,40:18.0,,,N
12841,,서울남부두레생협 미성점,3200000,관악구,,,,,,15,친환경유기농식품판매점,2021-12-23,Y,Y,,37.4749102,126.9182331,02-855-0495,,,서울특별시 관악구 난우길 21 (신림동),,40:18.0,40:18.0,,,N
12897,,한살림 신천매장,3230000,송파구,,,,,,15,친환경유기농식품판매점,2021-12-23,Y,Y,,37.5211798,127.1093495,02-423-0029,,,서울특별시 송파구 올림픽로 435 파크리오 B상가 107호,,40:18.0,40:18.0,,,N
12898,,한살림 잠실새내매장,3230000,송파구,,,,,,15,친환경유기농식품판매점,2021-12-23,Y,Y,,37.51074,127.0862064,02-413-2900,,,서울특별시 송파구 석촌호수로 61 트리지움 상가 지하 1층,,40:18.0,40:18.0,,,N
12877,,한살림 마포매장,3130000,마포구,,,,,,15,친환경유기농식품판매점,2021-12-23,Y,Y,,37.5426867,126.9401126,02-713-0600,,,서울특별시 마포구 토정로 269 1층,,40:18.0,40:18.0,,,N
12853,,서울북부두레생협 종암점,3070000,성북구,,,,,,15,친환경유기농식품판매점,2021-12-23,Y,Y,,37.6034198,127.0306565,02-924-0450,,,서울특별시 성북구 종암로21길 124 (종암동),,40:18.0,40:18.0,,,N
12860,,에코생협 종로점,3000000,종로구,,,,,,15,친환경유기농식품판매점,2021-12-23,Y,Y,,37.5781015,126.9690686,02-735-7161,,,서울특별시 종로구 필운대로 23 환경운동연합,,40:18.0,40:18.0,,,N
12893,,한살림 성산매장,3130000,마포구,,,,,,15,친환경유기농식품판매점,2021-12-23,Y,Y,,37.5697072,126.905385,02-374-7875,,,"서울특별시 마포구 월드컵북로 216, 203동 101호(성산동, 성산2차 e편한세상)",,40:18.0,40:18.0,,,N
12869,,한살림 광나루매장,3040000,광진구,,,,,,15,친환경유기농식품판매점,2021-12-23,Y,Y,,37.5454361,127.1022259,02-455-0500,,,서울특별시 광진구 천호대로 798-1,,40:18.0,40:18.0,,,N
12870,,한살림 구의매장,3040000,광진구,,,,,,15,친환경유기농식품판매점,2021-12-23,Y,Y,,37.54197,127.0955231,02-456-0738,,,서울특별시 광진구 광나루로 603,,40:18.0,40:18.0,,,N
12911,,한살림 자양매장,3040000,광진구,,,,,,15,친환경유기농식품판매점,2021-12-23,Y,Y,,37.535377,127.0691938,02-453-5700,,,서울특별시 광진구 능동로 50 1층,,40:18.0,40:18.0,,,N
12916,,한살림 평창매장,3000000,종로구,,,,,,15,친환경유기농식품판매점,2021-12-23,Y,Y,,37.6068006,126.9692163,02-394-5151,,,서울특별시 종로구 평창문화로 75,,40:18.0,40:18.0,,,N
12848,,울림두레생협 망원점,3130000,마포구,,,,,,15,친환경유기농식품판매점,2021-12-23,Y,Y,,37.5571265,126.9031923,02-333-0518,,,서울특별시 마포구 망원로 57 (망원동),,40:18.0,40:18.0,,,N
12878,,한살림 명일매장,3240000,강동구,,,,,,15,친환경유기농식품판매점,2021-12-23,Y,Y,,37.5525335,127.1555708,02-428-0618,,,서울특별시 강동구？동남로73길？9(명일동),,40:18.0,40:18.0,,,N
12876,,한살림 둔촌매장,3240000,강동구,,,,,,15,친환경유기농식품판매점,2021-12-23,Y,Y,,37.5224871,127.1336908,02-471-7500,,,서울특별시 강동구 양재대로 1299,,40:18.0,40:18.0,,,N
12895,,한살림 신내매장,3060000,중랑구,,,,,,15,친환경유기농식품판매점,2021-12-23,Y,Y,,37.6157124,127.087472,02-3422-5300,,,서울특별시 중랑구 신내로15길 196,,40:18.0,40:18.0,,,N
12892,,한살림 서초매장,3210000,서초구,,,,,,15,친환경유기농식품판매점,2021-12-23,Y,Y,,37.4885661,127.0178382,02-3486-9640,,,서울특별시 서초구 사임당로14길 15 1층,,40:18.0,40:18.0,,,N
12891,,한살림 새반포매장,3210000,서초구,,,,,,15,친환경유기농식품판매점,2021-12-23,Y,Y,,37.5007046,127.0104411,02-594-5500,,,서울특별시 서초구 서초중앙로31길 14-13 1층,,40:18.0,40:18.0,,,N
12883,,한살림 방배매장,3210000,서초구,,,,,,15,친환경유기농식품판매점,2021-12-23,Y,Y,,37.4878909,126.9954013,02-3471-0055,,,"서울특별시 서초구 서초대로 118 1층(방배동, 양지빌딩2)",,40:18.0,40:18.0,,,N
12882,,한살림 반포매장,3210000,서초구,,,,,,15,친환경유기농식품판매점,2021-12-23,Y,Y,,37.5074515,127.008056,02-592-6100,,,서울특별시 서초구 신반포로 219,,40:18.0,40:18.0,,,N
12849,,울림두레생협 성산점,3130000,마포구,,,,,,15,친환경유기농식품판매점,2021-12-23,Y,Y,,37.5588218,126.9111355,02-3141-0518,,,"서울특별시 마포구 성미산로 27 (성산동, 성산동상가주택)",,40:18.0,40:18.0,,,N
12850,,울림두레생협 용강점,3130000,마포구,,,,,,15,친환경유기농식품판매점,2021-12-23,Y,Y,,37.5424457,126.9443934,02-715-0518,,,서울특별시 마포구 큰우물로 51 (염리동),,40:18.0,40:18.0,,,N
12900,,한살림 아현매장,3130000,마포구,,,,,,15,친환경유기농식품판매점,2021-12-23,Y,Y,,37.5555203,126.9545874,02-362-2255,,,서울특별시 마포구 마포대로 195(아현동 774번지) 마포래미안푸르지오 101동 상가 1층,,40:18.0,40:18.0,,,N
12918,,한살림 홍제매장,3120000,서대문구,,,,,,15,친환경유기농식품판매점,2021-12-23,Y,Y,,37.5817436,126.9518998,02-379-0335,,,서울특별시 서대문구 통일로 348 청구상가 107호,,40:18.0,40:18.0,,,N
12913,,한살림 전농매장,3050000,동대문구,,,,,,15,친환경유기농식품판매점,2021-12-23,Y,Y,,37.5794838,127.0681355,02-2244-8444,,,서울특별시 동대문구 한천로 207 1층,,40:18.0,40:18.0,,,N
12861,,울림두레생협 신내점,3060000,중랑구,,,,,,15,친환경유기농식품판매점,2021-12-23,Y,Y,,37.6163564,127.0926972,02-3423-0518,,,서울특별시 중랑구 신내로 211 (신내동),,40:18.0,40:18.0,,,N
12890,,한살림 연희매장,3120000,서대문구,,,,,,15,친환경유기농식품판매점,2021-12-23,Y,Y,,37.5677694,126.9308826,02-305-5900,,,서울특별시 서대문구？연희맛로？34(연희동),,40:18.0,40:18.0,,,N
12851,,울림두레생협 북가좌점,3120000,서대문구,,,,,,15,친환경유기농식품판매점,2021-12-23,Y,Y,,37.574329,126.9102079,02-305-0518,,,"서울특별시 서대문구 수색로 100(북가좌동, DMC 래미안 e편한세상)",,40:18.0,40:18.0,,,N
12859,,은평두레생협 홍은점,3120000,서대문구,,,,,,15,친환경유기농식품판매점,2021-12-23,Y,Y,,37.5978781,126.9454905,02-357-6233,,,서울특별시 서대문구 홍은중앙로3길 9 북한산두산위브상가 1층,,40:18.0,40:18.0,,,N
12914,,한살림 중계매장,3100000,노원구,,,,,,15,친환경유기농식품판매점,2021-12-23,Y,Y,,37.657454,127.0743246,02-932-4633,,,서울특별시 노원구 한글비석로15길 15 1층,,40:18.0,40:18.0,,,N
12917,,한살림 하계매장,3100000,노원구,,,,,,15,친환경유기농식품판매점,2021-12-23,Y,Y,,37.6389345,127.0647648,02-971-5200,,,서울특별시 노원구 섬밭로 258 건영옴니백화점 지하 1층,,40:18.0,40:18.0,,,N
12846,,서울남부두레생협 사당점,3190000,동작구,,,,,,15,친환경유기농식품판매점,2021-12-23,Y,Y,,37.4891265,126.9704171,02-553-4578,,,서울특별시 동작구 사당로23바길 9 (사당동),,40:18.0,40:18.0,,,N
12847,,서울남부두레생협 상도점,3190000,동작구,,,,,,15,친환경유기농식품판매점,2021-12-23,Y,Y,,37.5060032,126.9439001,02-826-3385,,,서울특별시 동작구 상도로31길 19 (상도동),,40:18.0,40:18.0,,,N
12889,,한살림 상도매장,3190000,동작구,,,,,,15,친환경유기농식품판매점,2021-12-23,Y,Y,,37.4974928,126.9535083,02-824-9200,,,서울특별시 동작구 상도로37길 79 1층,,40:18.0,40:18.0,,,N
12887,,한살림 사당매장,3190000,동작구,,,,,,15,친환경유기농식품판매점,2021-12-23,Y,Y,,37.4884635,126.9781155,02-593-1117,,,서울특별시 동작구 동작대로29길 69 두성상가 129호,,40:18.0,40:18.0,,,N
12867,,한살림 개포매장,3220000,강남구,,,,,,15,친환경유기농식품판매점,2021-12-23,Y,Y,,37.480915,127.0530116,02-578-9800,,,서울특별시 강남구 개포로 265 1층,,40:18.0,40:18.0,,,N
12909,,한살림 일원매장,3220000,강남구,,,,,,15,친환경유기농식품판매점,2021-12-23,Y,Y,,37.4819464,127.082091,02-445-7300,,,서울특별시 강남구 광평로10길 15 상록수아파트 상가 1층,,40:18.0,40:18.0,,,N
12902,,한살림 압구정매장,3220000,강남구,,,,,,15,친환경유기농식품판매점,2021-12-23,Y,Y,,37.5307883,127.0352178,02-515-8427,,,서울특별시 강남구 압구정로 309,,40:18.0,40:18.0,,,N
12874,,한살림 대치매장,3220000,강남구,,,,,,15,친환경유기농식품판매점,2021-12-23,Y,Y,,37.4962664,127.0605983,02-569-8378,,,"서울특별시 강남구 삼성로 51길 11 카이로스 빌딩 104, 105호",,40:18.0,40:18.0,,,N
12862,,에코생협 도곡점,3220000,강남구,,,,,,15,친환경유기농식품판매점,2021-12-23,Y,Y,,37.4868698,127.0394691,02-3462-7117,,,서울특별시 강남구 남부순환로365길 22 (도곡동),,40:18.0,40:18.0,,,N
12915,,한살림 청담매장,3220000,강남구,,,,,,15,친환경유기농식품판매점,2021-12-23,Y,Y,,37.51836,127.0526743,02-547-9100,,,서울특별시 강남구 학동로88길 12 1층,,40:18.0,40:18.0,,,N
